set,tag,model,tau_ps,a_nm,Lambda,epsilon,D_t_le_6,peak_shift,D_t_le_12
dynamic,B_CV_tau1_a10,CV,1.0,10.0,0.03958828195550087,0.05150393493736088,0.0010873022135982852,0.0009241920809699987,0.0011914407935906498
dynamic,B_CV_tau5_a10,CV,5.0,10.0,0.19794140977750438,0.05150393493736088,0.005291443040284127,0.003775309644490339,0.005612721024811999
dynamic,B_CV_tau20_a10,CV,20.0,10.0,0.7917656391100175,0.05150393493736088,0.015694806840125936,0.005293428849980457,0.015694806840125936
dynamic,B_CV_tau20_a5,CV,20.0,5.0,3.16706255644007,0.10300786987472176,0.06380406564732613,-0.009577884271333808,0.06380406564732613
dynamic,B_CV_tau20_a20,CV,20.0,20.0,0.19794140977750438,0.02575196746868044,0.00256189554751928,0.0012460910633868816,0.00256189554751928
dynamic,B_CV_tau20_a50,CV,20.0,50.00000000000001,0.031670625564400694,0.010300786987472174,0.0002933994026634247,4.209442573855736e-05,0.0002933994026634247
dynamic,B_MCV3_tau5_a10,MCV3,5.0,10.0,0.19794140977750438,0.05150393493736088,0.005928296560537354,0.0035623866896295968,0.006259942139959145
dynamic,B_MCV3_tau20_a10,MCV3,20.0,10.0,0.7917656391100175,0.05150393493736088,0.013705549362341357,0.003370929740698522,0.013705549362341357
quasi_static,B_CV_tau1_a10_QS,CV,1.0,10.0,0.03958828195550087,0.05150393493736088,0.0004013767875132768,-1.240522701230129e-06,0.0004013767875132768
quasi_static,B_CV_tau5_a10_QS,CV,5.0,10.0,0.19794140977750438,0.05150393493736088,0.00202129227007376,-0.0002572000858754597,0.00202129227007376
quasi_static,B_CV_tau20_a10_QS,CV,20.0,10.0,0.7917656391100175,0.05150393493736088,0.007070418011560667,-0.0030960142631236576,0.007070418011560667
quasi_static,B_CV_tau20_a5_QS,CV,20.0,5.0,3.16706255644007,0.10300786987472176,0.018129956280567128,-0.014265074344259835,0.018129956280567128
quasi_static,B_CV_tau20_a20_QS,CV,20.0,20.0,0.19794140977750438,0.02575196746868044,0.00202129227007376,-0.0002572000858754597,0.00202129227007376
quasi_static,B_CV_tau20_a50_QS,CV,20.0,50.00000000000001,0.031670625564400694,0.010300786987472174,0.00032083348806970186,1.0827887918314523e-06,0.00032083348806970186
quasi_static,B_MCV3_tau5_a10_QS,MCV3,5.0,10.0,0.19794140977750438,0.05150393493736088,0.002336865595647431,-0.0006209858980841847,0.002336865595647431
quasi_static,B_MCV3_tau20_a10_QS,MCV3,20.0,10.0,0.7917656391100175,0.05150393493736088,0.006600688272644397,-0.003829329103874789,0.006600688272644397
extended_dynamic,B2_CV_L0.05_a5,CV,0.3157499993066281,5.0,0.049999999999999996,0.10300786987472176,0.0036505746171393303,0.0024777813775539053,0.0036505746171393303
extended_dynamic,B2_CV_L0.2_a5,CV,1.2629999972265125,5.0,0.19999999999999998,0.10300786987472176,0.01389358457139227,0.007668271598084181,0.01389358457139227
extended_dynamic,B2_CV_L0.8_a5,CV,5.05199998890605,5.0,0.7999999999999999,0.10300786987472176,0.03962021141389343,0.009650384132980503,0.03962021141389343
extended_dynamic,B2_CV_L3.2_a5,CV,20.2079999556242,5.0,3.1999999999999997,0.10300786987472176,0.06397764659103154,-0.009790455986606657,0.06397764659103154
extended_dynamic,B2_CV_L0.05_a10,CV,1.2629999972265125,10.0,0.049999999999999996,0.05150393493736088,0.0013726618121907052,0.0011555881208472722,0.0015025829467721944
extended_dynamic,B2_CV_L0.2_a10,CV,5.05199998890605,10.0,0.19999999999999998,0.05150393493736088,0.005343286830270833,0.003802509442782786,0.005664641792483
extended_dynamic,B2_CV_L0.8_a10,CV,20.2079999556242,10.0,0.7999999999999999,0.05150393493736088,0.015785707907275546,0.00526642837824939,0.015785707907275546
extended_dynamic,B2_CV_L3.2_a10,CV,80.8319998224968,10.0,3.1999999999999997,0.05150393493736088,0.025337465829350366,-0.006417514936360542,0.025337465829350366
extended_dynamic,B2_CV_L0.05_a20,CV,5.05199998890605,20.0,0.049999999999999996,0.02575196746868044,0.0006363393401074212,0.00040701267594608014,0.0006363393401074212
extended_dynamic,B2_CV_L0.2_a20,CV,20.2079999556242,20.0,0.19999999999999998,0.02575196746868044,0.0025886181128442604,0.0012535031961095813,0.0025886181128442604
extended_dynamic,B2_CV_L0.8_a20,CV,80.8319998224968,20.0,0.7999999999999999,0.02575196746868044,0.008696408429250294,0.0003463811159570855,0.008696408429250294
extended_dynamic,B2_CV_L3.2_a20,CV,323.3279992899872,20.0,3.1999999999999997,0.02575196746868044,0.018566238461119527,-0.0104025968992898,0.018566238461119527
extended_QS,B2QS_CV_L0.05_a10,CV,1.2629999972265125,10.0,0.049999999999999996,0.05150393493736088,0.0005075427164921891,-5.879450612113586e-06,0.0005075427164921891
extended_QS,B2QS_CV_L0.2_a10,CV,5.05199998890605,10.0,0.19999999999999998,0.05150393493736088,0.0020421098325520085,-0.00026293740469858663,0.0020421098325520085
extended_QS,B2QS_CV_L0.8_a10,CV,20.2079999556242,10.0,0.7999999999999999,0.05150393493736088,0.007125371432185716,-0.003142813232080034,0.007125371432185716
extended_QS,B2QS_CV_L3.2_a10,CV,80.8319998224968,10.0,3.1999999999999997,0.05150393493736088,0.018247926436931676,-0.014384525410666683,0.018247926436931676
