phi_deg,M_interp_Pa_per_K,M_nodal,R48_interp,T48_interp,theta_star_deg_M
0,1149593.6400219582,1148677.159806749,1152158.137637123,1134526.2536647536,10.078125
15,1222776.1799860755,1217019.7323440881,1249876.036670778,1208049.9502041787,354.375
30,1261703.8047543042,1258829.1381694474,1305341.4543228673,1244709.4762164678,359.0625
45,1240415.4699832299,1240295.4422665837,1285848.3844599607,1223860.2594007533,183.984375
60,1159456.9668762013,1152557.9264656657,1192005.848607587,1148654.1631279984,9.140625
75,1035851.7160562959,1035833.8522207335,1049620.3112395974,1030333.6671813644,14.765625
90,965910.8072853878,964130.4522894266,970049.239991409,961654.3309977308,159.609375
105,1120901.3838057253,1119003.0321196434,1142169.4776941496,1111920.9531306576,346.171875
120,1248079.7528090402,1247018.5206798161,1289647.4777467158,1233284.7466080496,171.796875
135,1320441.8232222775,1317404.804418673,1373256.7121982118,1300264.0560655878,357.1875
150,1321964.5557190569,1315407.8229181736,1369399.8385798037,1301236.0634970772,182.34375
165,1256859.7351502874,1256380.6009923802,1284654.6741475146,1240052.4659147903,187.03125
