tag,block,grid,model,chi,tw,err_qoi_0_6,err_full_0_12,t_of_max_full
A_chi1_phi000_M,A,M,FOURIER,1,1.2,3.52949e-11,6.33747e-09,11.85
A_chi1_phi000_R192,A,R192,FOURIER,1,1.2,3.52949e-11,6.33747e-09,11.85
A_chi1_phi000_R48,A,R48,FOURIER,1,1.2,3.52949e-11,6.33747e-09,11.85
A_chi1_phi000_T48,A,T48,FOURIER,1,1.2,3.52949e-11,6.33747e-09,11.85
A_chi1_phi015_M,A,M,FOURIER,1,1.2,3.52949e-11,6.33747e-09,11.85
A_chi1_phi015_R48,A,R48,FOURIER,1,1.2,3.52949e-11,6.33747e-09,11.85
A_chi1_phi030_R48,A,R48,FOURIER,1,1.2,3.52949e-11,6.33747e-09,11.85
A_chi1_phi045_M,A,M,FOURIER,1,1.2,3.52949e-11,6.33747e-09,11.85
A_chi1_phi045_R48,A,R48,FOURIER,1,1.2,3.52949e-11,6.33747e-09,11.85
A_chi1_phi060_R48,A,R48,FOURIER,1,1.2,3.52949e-11,6.33747e-09,11.85
A_chi1_phi075_M,A,M,FOURIER,1,1.2,3.52949e-11,6.33747e-09,11.85
A_chi1_phi075_R48,A,R48,FOURIER,1,1.2,3.52949e-11,6.33747e-09,11.85
A_chi1_phi090_R48,A,R48,FOURIER,1,1.2,3.52949e-11,6.33747e-09,11.85
A_chi1_phi105_M,A,M,FOURIER,1,1.2,3.52949e-11,6.33747e-09,11.85
A_chi1_phi105_R48,A,R48,FOURIER,1,1.2,3.52949e-11,6.33747e-09,11.85
A_chi1_phi120_R48,A,R48,FOURIER,1,1.2,3.52949e-11,6.33747e-09,11.85
A_chi1_phi135_M,A,M,FOURIER,1,1.2,3.52949e-11,6.33747e-09,11.85
A_chi1_phi135_R48,A,R48,FOURIER,1,1.2,3.52949e-11,6.33747e-09,11.85
A_chi1_phi150_R48,A,R48,FOURIER,1,1.2,3.52949e-11,6.33747e-09,11.85
A_chi1_phi165_R48,A,R48,FOURIER,1,1.2,3.52949e-11,6.33747e-09,11.85
A_chi2_phi000_M,A,M,FOURIER,2,1.2,3.52949e-11,6.33747e-09,11.85
A_chi2_phi000_R192,A,R192,FOURIER,2,1.2,3.52949e-11,6.33747e-09,11.85
A_chi2_phi000_R48,A,R48,FOURIER,2,1.2,3.52949e-11,6.33747e-09,11.85
A_chi2_phi000_T144,A,T144,FOURIER,2,1.2,3.52949e-11,6.33747e-09,11.85
A_chi2_phi000_T48,A,T48,FOURIER,2,1.2,3.52949e-11,6.33747e-09,11.85
A_chi2_phi015_M,A,M,FOURIER,2,1.2,3.52949e-11,6.33747e-09,11.85
A_chi2_phi015_R48,A,R48,FOURIER,2,1.2,3.52949e-11,6.33747e-09,11.85
A_chi2_phi015_T48,A,T48,FOURIER,2,1.2,3.52949e-11,6.33747e-09,11.85
A_chi2_phi030_M,A,M,FOURIER,2,1.2,3.52949e-11,6.33747e-09,11.85
A_chi2_phi030_R192,A,R192,FOURIER,2,1.2,3.52949e-11,6.33747e-09,11.85
A_chi2_phi030_R48,A,R48,FOURIER,2,1.2,3.52949e-11,6.33747e-09,11.85
A_chi2_phi030_T144,A,T144,FOURIER,2,1.2,3.52949e-11,6.33747e-09,11.85
A_chi2_phi030_T48,A,T48,FOURIER,2,1.2,3.52949e-11,6.33747e-09,11.85
A_chi2_phi045_M,A,M,FOURIER,2,1.2,3.52949e-11,6.33747e-09,11.85
A_chi2_phi045_R48,A,R48,FOURIER,2,1.2,3.52949e-11,6.33747e-09,11.85
A_chi2_phi045_T48,A,T48,FOURIER,2,1.2,3.52949e-11,6.33747e-09,11.85
A_chi2_phi060_M,A,M,FOURIER,2,1.2,3.52949e-11,6.33747e-09,11.85
A_chi2_phi060_R192,A,R192,FOURIER,2,1.2,3.52949e-11,6.33747e-09,11.85
A_chi2_phi060_R48,A,R48,FOURIER,2,1.2,3.52949e-11,6.33747e-09,11.85
A_chi2_phi060_T144,A,T144,FOURIER,2,1.2,3.52949e-11,6.33747e-09,11.85
A_chi2_phi060_T48,A,T48,FOURIER,2,1.2,3.52949e-11,6.33747e-09,11.85
A_chi2_phi075_M,A,M,FOURIER,2,1.2,3.52949e-11,6.33747e-09,11.85
A_chi2_phi075_R48,A,R48,FOURIER,2,1.2,3.52949e-11,6.33747e-09,11.85
A_chi2_phi075_T48,A,T48,FOURIER,2,1.2,3.52949e-11,6.33747e-09,11.85
A_chi2_phi090_M,A,M,FOURIER,2,1.2,3.52949e-11,6.33747e-09,11.85
A_chi2_phi090_R192,A,R192,FOURIER,2,1.2,3.52949e-11,6.33747e-09,11.85
A_chi2_phi090_R48,A,R48,FOURIER,2,1.2,3.52949e-11,6.33747e-09,11.85
A_chi2_phi090_T144,A,T144,FOURIER,2,1.2,3.52949e-11,6.33747e-09,11.85
A_chi2_phi090_T48,A,T48,FOURIER,2,1.2,3.52949e-11,6.33747e-09,11.85
A_chi2_phi105_M,A,M,FOURIER,2,1.2,3.52949e-11,6.33747e-09,11.85
A_chi2_phi105_R48,A,R48,FOURIER,2,1.2,3.52949e-11,6.33747e-09,11.85
A_chi2_phi105_T48,A,T48,FOURIER,2,1.2,3.52949e-11,6.33747e-09,11.85
A_chi2_phi120_M,A,M,FOURIER,2,1.2,3.52949e-11,6.33747e-09,11.85
A_chi2_phi120_R192,A,R192,FOURIER,2,1.2,3.52949e-11,6.33747e-09,11.85
A_chi2_phi120_R48,A,R48,FOURIER,2,1.2,3.52949e-11,6.33747e-09,11.85
A_chi2_phi120_T144,A,T144,FOURIER,2,1.2,3.52949e-11,6.33747e-09,11.85
A_chi2_phi120_T48,A,T48,FOURIER,2,1.2,3.52949e-11,6.33747e-09,11.85
A_chi2_phi135_M,A,M,FOURIER,2,1.2,3.52949e-11,6.33747e-09,11.85
A_chi2_phi135_R48,A,R48,FOURIER,2,1.2,3.52949e-11,6.33747e-09,11.85
A_chi2_phi135_T48,A,T48,FOURIER,2,1.2,3.52949e-11,6.33747e-09,11.85
A_chi2_phi150_M,A,M,FOURIER,2,1.2,3.52949e-11,6.33747e-09,11.85
A_chi2_phi150_R192,A,R192,FOURIER,2,1.2,3.52949e-11,6.33747e-09,11.85
A_chi2_phi150_R48,A,R48,FOURIER,2,1.2,3.52949e-11,6.33747e-09,11.85
A_chi2_phi150_T144,A,T144,FOURIER,2,1.2,3.52949e-11,6.33747e-09,11.85
A_chi2_phi150_T48,A,T48,FOURIER,2,1.2,3.52949e-11,6.33747e-09,11.85
A_chi2_phi165_M,A,M,FOURIER,2,1.2,3.52949e-11,6.33747e-09,11.85
A_chi2_phi165_R48,A,R48,FOURIER,2,1.2,3.52949e-11,6.33747e-09,11.85
A_chi2_phi165_T48,A,T48,FOURIER,2,1.2,3.52949e-11,6.33747e-09,11.85
B2QS_CV_L0.05_a10,B2QS,T48,CV,1,1.2,3.52949e-11,6.33747e-09,11.85
B2QS_CV_L0.2_a10,B2QS,T48,CV,1,1.2,3.52949e-11,6.33747e-09,11.85
B2QS_CV_L0.8_a10,B2QS,T48,CV,1,1.2,3.52949e-11,6.33747e-09,11.85
B2QS_CV_L3.2_a10,B2QS,T48,CV,1,1.2,3.52949e-11,6.33747e-09,11.85
B2_CV_L0.05_a10,B2,T48,CV,1,1.2,3.52949e-11,6.33747e-09,11.85
B2_CV_L0.05_a20,B2,T48,CV,1,1.2,3.52949e-11,6.33747e-09,11.85
B2_CV_L0.05_a5,B2,T48,CV,1,1.2,3.52949e-11,6.33747e-09,11.85
B2_CV_L0.2_a10,B2,T48,CV,1,1.2,3.52949e-11,6.33747e-09,11.85
B2_CV_L0.2_a20,B2,T48,CV,1,1.2,3.52949e-11,6.33747e-09,11.85
B2_CV_L0.2_a5,B2,T48,CV,1,1.2,3.52949e-11,6.33747e-09,11.85
B2_CV_L0.8_a10,B2,T48,CV,1,1.2,3.52949e-11,6.33747e-09,11.85
B2_CV_L0.8_a20,B2,T48,CV,1,1.2,3.52949e-11,6.33747e-09,11.85
B2_CV_L0.8_a5,B2,T48,CV,1,1.2,3.52949e-11,6.33747e-09,11.85
B2_CV_L3.2_a10,B2,T48,CV,1,1.2,3.52949e-11,6.33747e-09,11.85
B2_CV_L3.2_a20,B2,T48,CV,1,1.2,3.52949e-11,6.33747e-09,11.85
B2_CV_L3.2_a5,B2,T48,CV,1,1.2,3.52949e-11,6.33747e-09,11.85
B2_F_a20,B2,T48,FOURIER,1,1.2,3.52949e-11,6.33747e-09,11.85
B2_F_a5,B2,T48,FOURIER,1,1.2,3.52949e-11,6.33747e-09,11.85
BM_CV_tau20_a20,BM,M,CV,1,1.2,3.52949e-11,6.33747e-09,11.85
BM_CV_tau5_a10,BM,M,CV,1,1.2,3.52949e-11,6.33747e-09,11.85
BM_F_tau0_a20,BM,M,FOURIER,1,1.2,3.52949e-11,6.33747e-09,11.85
B_CV_tau1_a10,B,T48,CV,1,1.2,3.52949e-11,6.33747e-09,11.85
B_CV_tau1_a10_QS,BQS,T48,CV,1,1.2,3.52949e-11,6.33747e-09,11.85
B_CV_tau20_a10,B,T48,CV,1,1.2,3.52949e-11,6.33747e-09,11.85
B_CV_tau20_a10_QS,BQS,T48,CV,1,1.2,3.52949e-11,6.33747e-09,11.85
B_CV_tau20_a20,B,T48,CV,1,1.2,3.52949e-11,6.33747e-09,11.85
B_CV_tau20_a20_QS,BQS,T48,CV,1,1.2,3.52949e-11,6.33747e-09,11.85
B_CV_tau20_a5,B,T48,CV,1,1.2,3.52949e-11,6.33747e-09,11.85
B_CV_tau20_a50,B,T48,CV,1,1.2,3.52949e-11,6.33747e-09,11.85
B_CV_tau20_a50_QS,BQS,T48,CV,1,1.2,3.52949e-11,6.33747e-09,11.85
B_CV_tau20_a5_QS,BQS,T48,CV,1,1.2,3.52949e-11,6.33747e-09,11.85
B_CV_tau5_a10,B,T48,CV,1,1.2,3.52949e-11,6.33747e-09,11.85
B_CV_tau5_a10_QS,BQS,T48,CV,1,1.2,3.52949e-11,6.33747e-09,11.85
B_F_tau0_a10_QS,BQS,T48,FOURIER,1,1.2,3.52949e-11,6.33747e-09,11.85
B_F_tau0_a20,B,T48,FOURIER,1,1.2,3.52949e-11,6.33747e-09,11.85
B_F_tau0_a20_QS,BQS,T48,FOURIER,1,1.2,3.52949e-11,6.33747e-09,11.85
B_F_tau0_a5,B,T48,FOURIER,1,1.2,3.52949e-11,6.33747e-09,11.85
B_F_tau0_a50,B,T48,FOURIER,1,1.2,3.52949e-11,6.33747e-09,11.85
B_F_tau0_a50_QS,BQS,T48,FOURIER,1,1.2,3.52949e-11,6.33747e-09,11.85
B_F_tau0_a5_QS,BQS,T48,FOURIER,1,1.2,3.52949e-11,6.33747e-09,11.85
B_MCV3_tau20_a10,B,T48,MCV3,1,1.2,3.52949e-11,6.33747e-09,11.85
B_MCV3_tau20_a10_QS,BQS,T48,MCV3,1,1.2,3.52949e-11,6.33747e-09,11.85
B_MCV3_tau5_a10,B,T48,MCV3,1,1.2,3.52949e-11,6.33747e-09,11.85
B_MCV3_tau5_a10_QS,BQS,T48,MCV3,1,1.2,3.52949e-11,6.33747e-09,11.85
C_CV_tau20_a10_coupling_off,C,T48,CV,1,1.2,3.52949e-11,6.33747e-09,11.85
D_iso_circle_M,D,M,FOURIER,1,1.2,3.52949e-11,6.33747e-09,11.85
D_iso_circle_T48,D,T48,FOURIER,1,1.2,3.52949e-11,6.33747e-09,11.85
D_iso_ellipse_M,D,M,FOURIER,2,1.2,3.52949e-11,6.33747e-09,11.85
D_iso_ellipse_R192,D,R192,FOURIER,2,1.2,3.52949e-11,6.33747e-09,11.85
D_iso_ellipse_R48,D,R48,FOURIER,2,1.2,3.52949e-11,6.33747e-09,11.85
E1_alpha_cheng298_phi000,E,T48,FOURIER,2,1.2,3.52949e-11,6.33747e-09,11.85
E1_alpha_cheng298_phi000_M,EM,M,FOURIER,2,1.2,3.52949e-11,6.33747e-09,11.85
E1_alpha_cheng298_phi030,E,T48,FOURIER,2,1.2,3.52949e-11,6.33747e-09,11.85
E1_alpha_cheng298_phi030_M,EM,M,FOURIER,2,1.2,3.52949e-11,6.33747e-09,11.85
E1_alpha_cheng298_phi060,E,T48,FOURIER,2,1.2,3.52949e-11,6.33747e-09,11.85
E1_alpha_cheng298_phi090,E,T48,FOURIER,2,1.2,3.52949e-11,6.33747e-09,11.85
E1_alpha_cheng298_phi120,E,T48,FOURIER,2,1.2,3.52949e-11,6.33747e-09,11.85
E1_alpha_cheng298_phi150,E,T48,FOURIER,2,1.2,3.52949e-11,6.33747e-09,11.85
E2_alpha_iso_phi000,E,T48,FOURIER,2,1.2,3.52949e-11,6.33747e-09,11.85
E2_alpha_iso_phi030,E,T48,FOURIER,2,1.2,3.52949e-11,6.33747e-09,11.85
E2_alpha_iso_phi060,E,T48,FOURIER,2,1.2,3.52949e-11,6.33747e-09,11.85
E2_alpha_iso_phi090,E,T48,FOURIER,2,1.2,3.52949e-11,6.33747e-09,11.85
E2_alpha_iso_phi120,E,T48,FOURIER,2,1.2,3.52949e-11,6.33747e-09,11.85
E2_alpha_iso_phi150,E,T48,FOURIER,2,1.2,3.52949e-11,6.33747e-09,11.85
E3_K_iso_phi000,E,T48,FOURIER,2,1.2,3.52949e-11,6.33747e-09,11.85
E3_K_iso_phi030,E,T48,FOURIER,2,1.2,3.52949e-11,6.33747e-09,11.85
E3_K_iso_phi060,E,T48,FOURIER,2,1.2,3.52949e-11,6.33747e-09,11.85
E3_K_iso_phi090,E,T48,FOURIER,2,1.2,3.52949e-11,6.33747e-09,11.85
E3_K_iso_phi120,E,T48,FOURIER,2,1.2,3.52949e-11,6.33747e-09,11.85
E3_K_iso_phi150,E,T48,FOURIER,2,1.2,3.52949e-11,6.33747e-09,11.85
E4_C_iso_phi000,E,T48,FOURIER,2,1.2,3.52949e-11,6.33747e-09,11.85
E4_C_iso_phi030,E,T48,FOURIER,2,1.2,3.52949e-11,6.33747e-09,11.85
E4_C_iso_phi060,E,T48,FOURIER,2,1.2,3.52949e-11,6.33747e-09,11.85
E4_C_iso_phi090,E,T48,FOURIER,2,1.2,3.52949e-11,6.33747e-09,11.85
E4_C_iso_phi120,E,T48,FOURIER,2,1.2,3.52949e-11,6.33747e-09,11.85
E4_C_iso_phi150,E,T48,FOURIER,2,1.2,3.52949e-11,6.33747e-09,11.85
F_tw0.3_circ,F,T48,FOURIER,1,0.3,6.80345e-11,7.26759e-09,11.95
F_tw0.3_ell_phi090,F,T48,FOURIER,2,0.3,6.80345e-11,7.26759e-09,11.95
F_tw0.3_ell_phi150,F,T48,FOURIER,2,0.3,6.80345e-11,7.26759e-09,11.95
F_tw0.6_circ,F,T48,FOURIER,1,0.6,1.00548e-10,1.50192e-08,11.95
F_tw0.6_ell_phi090,F,T48,FOURIER,2,0.6,1.00548e-10,1.50192e-08,11.95
F_tw0.6_ell_phi150,F,T48,FOURIER,2,0.6,1.00548e-10,1.50192e-08,11.95
F_tw2.4_circ,F,T48,FOURIER,1,2.4,5.67532e-13,0.319619,12
F_tw2.4_ell_phi090,F,T48,FOURIER,2,2.4,5.67532e-13,0.319619,12
F_tw2.4_ell_phi150,F,T48,FOURIER,2,2.4,5.67532e-13,0.319619,12
