paper_id,title,authors,journal,year,volume,issue,pages_or_article,indexing_user_supplied,impact_factor_user_supplied,publisher_or_doi_url,article_url,affiliation_user_supplied
1,Generalized plane waves in a rotating thermoelastic double porous solid,"Pathania, Vijayata; Kumar, Rajesh; Gupta, Vipin; Barak, MS",International Journal of Applied Mechanics and Engineering,2022,27,4,138-154,WOS,-,https://doi.org/10.2478/IJAME-2022-0055,https://drive.google.com/file/d/1AcpSriIgtsNRiDMtz_IZHqRhzptgbl70/view?usp=sharing,Other
2,Behavior of higher-order MDD on energy ratios at the interface of thermoelastic and piezothermoelastic mediums,"Barak, MS; Ahmad, Hijaz; Kumar, Rajesh; Kumar, Rajneesh; Gupta, Vipin; Awwad, Fuad A; Ismail, Emad AA",Scientific Reports,2023,13,1,17170,SCI,4.9,https://doi.org/10.1038/s41598-023-44339-5,https://mjl.clarivate.com/search-results?issn=2045-2322&hide_exact_match_fl=true&utm_source=mjl&utm_medium=share-by-link&utm_campaign=search-results-share-this-journal,Other
3,Analysis of waves at boundary surfaces at distinct media with nonlocal dual-phase-lag,"Kumar, Rajesh; Gupta, Vipin; Pathania, Vijayata; Kumar, Rajneesh; Barak, MS","Proceedings of the National Academy of Sciences, India Section A: Physical Sciences",2023,93,4,573-585,SCI,1.3,https://doi.org/10.1007/s40010-023-00850-y,https://drive.google.com/file/d/1ktmA6eHsJQlJi0uky92yRjbydBWJ58jg/view?usp=sharing,Other
4,Energy ratio response at the interface of elastic and dual-porous thermoelastic half-spaces,"Kumar, Rajesh; Gupta, Vipin; Pathania, Vijayata; Barak, MS",Physica Scripta,2023,98,11,115211,SCI,2.6,https://doi.org/10.1088/1402-4896/acfced,https://drive.google.com/file/d/1Tp_AtifugZ_sEv31g-iOZ0KxR_w_WCN2/view?usp=sharing,Other
5,Reflection at the free surface of the orthotropic piezo-hygro-thermo-elastic medium,"Yadav, Anand Kumar; Barak, MS; Gupta, Vipin",International Journal of Numerical Methods for Heat & Fluid Flow,2023,33,10,3535-3560,SCI,5.3,https://doi.org/10.1108/hff-04-2023-0208,https://drive.google.com/file/d/1zDT_uLYWMX1qK8QpKESVtJePxNP8_XQP/view?usp=sharing,Other
6,Energy analysis at the interface of piezo/thermoelastic half spaces,"Gupta, Vipin; Kumar, Rajesh; Kumar, Rajneesh; Barak, MS",International Journal of Numerical Methods for Heat & Fluid Flow,2023,33,6,2250-2277,SCI,5.3,https://doi.org/10.1108/hff-11-2022-0654,https://drive.google.com/file/d/10iUSykUvJxmGcyS_Kk22ezHd4j3gwisR/view?usp=sharing,Other
7,The effect of memory and stiffness on energy ratios at the interface of distinct media,"Barak, MS; Kumar, Rajesh; Kumar, Rajneesh; Gupta, Vipin",Multidiscipline Modeling in Materials and Structures,2023,19,3,464-492,SCI,3.4,https://doi.org/10.1108/mmms-10-2022-0209,https://drive.google.com/file/d/1WCaQFxO4xBWG5h70u0r38-u0ukkk8QDN/view?usp=sharing,Other
8,"Double porous thermoelastic waves in a homogeneous, isotropic solid with inviscid liquid","Pathania, Vijayata; Kumar, Rajesh; Gupta, Vipin; Barak, MS",Archive of Applied Mechanics,2023,93,5,1943-1962,SCI,3.1,https://doi.org/10.1007/s00419-023-02364-w,https://drive.google.com/file/d/1EbXdGrYF6b4siQQWZFUeNtbDRLQ4GccP/view?usp=sharing,Other
9,Energy analysis at the boundary interface of elastic and piezothermoelastic half-spaces,"Barak, MS; Kumar, Rajesh; Kumar, Rajneesh; Gupta, Vipin",Indian Journal of Physics,2023,97,8,2369-2383,SCI,1.7,https://doi.org/10.1007/s12648-022-02568-w,https://drive.google.com/file/d/1b5Y97Zct1S_Lwqsb-0P5-rsec37vrI1V/view?usp=sharing,Other
10,Reflection/transmission of plane waves at the interface of an ideal fluid and nonlocal piezothermoelastic medium,"Gupta, Vipin; Kumar, Rajesh; Kumar, Manjeet; Pathania, Vijayata; Barak, MS",International Journal of Numerical Methods for Heat & Fluid Flow,2023,33,2,912-937,SCI,5.3,https://doi.org/10.1108/hff-04-2022-0259,https://drive.google.com/file/d/1pAOunofXy19t5kEMhRfFecsB2mvTgHL_/view?usp=sharing,Other
11,Energy transfer at the interface of monoclinic piezothermoelastic and thermoelastic half spaces with MDD,"Barak, MS; Kumar, Rajesh; Kumar, Rajneesh; Gupta, Vipin",Journal of Thermal Stresses,2023,-,-,-,SCI,2.4,https://doi.org/10.1080/01495739.2023.2253879,https://drive.google.com/file/d/1pwNgWVMIKumTTg-Y2MQfmVtA0TLYdvHA/view?usp=sharing,Other
12,Vibrational analysis of size-dependent thermo-piezo-photo-electric semiconductor medium under memory-dependent Moore Gibson Thompson photo-thermoelasticity theory,"Gupta, Vipin; Barak, MS; Das, Soumik",Mechanics of Advanced Materials and Structures,2024,31,28,10543-10559,SCI,3.6,https://doi.org/10.1080/15376494.2023.2291804,https://drive.google.com/file/d/1ktmA6eHsJQlJi0uky92yRjbydBWJ58jg/view?usp=sharing,Other
13,Fractional and MDD analysis of piezo-photo-thermo-elastic waves in semiconductor medium,"Gupta, Vipin; Barak, MS",Mechanics of Advanced Materials and Structures,2024,31,25,6787-6802,SCI,3.6,https://doi.org/10.1080/15376494.2023.2238201,https://drive.google.com/file/d/1ctPE9z-n0EN0IB-K50AvnLlb382Kg5wn/view?usp=sharing,Other
14,Size-dependent effect on the interaction of surface waves in micropolar thermoelastic medium with dual pore connectivity,"Das, Soumik; Dutta, Rachaita; Craciun, Eduard-Marius; Sur, Abhik; Barak, MS; Gupta, Vipin",Physica Scripta,2024,99,6,065232,SCI,2.6,https://doi.org/10.1088/1402-4896/ad4829,https://drive.google.com/file/d/13LcFsYcC1eYen1S5BJXmHpLRl-2SgxTt/view?usp=sharing,Other
15,Response of Moisture and Temperature Diffusivity on an Orthotropic Hygro-thermo-piezo-elastic Medium,"Gupta, Vipin; Barak, MS; Ahmad, Hijaz; Das, Soumik; Almohsen, Bandar",Journal of Nonlinear Mathematical Physics,2024,31,1,-,SCI,2.0,https://doi.org/10.1007/s44198-024-00187-z,https://link.springer.com/content/pdf/10.1007/s44198-024-00187-z.pdf,Other
16,Response of stiffness and viscosity on the energy ratios at piezo-visco-thermo-elastic medium,"Kumar, Sandeep, Kumari, Neelam, Gupta, Vipin, Barak, M.S.",International Journal of Applied Mechanics and Engineering,2024,29,1,54-72,WOS,-,https://doi.org/10.59441/ijame/174992,https://zbc.uz.zgora.pl/Content/78855/Volume29_Issue1_paper_04%20IJAME-02511.pdf,Other
17,Impact of memory-dependent heat transfer on Rayleigh waves propagation in nonlocal piezo-thermo-elastic medium with voids,"Gupta, Vipin; MS, Barak; Das, Soumik",International Journal of Numerical Methods for Heat & Fluid Flow,2024,34,4,1902-1926,SCI,5.3,https://doi.org/10.1108/hff-10-2023-0615,https://drive.google.com/file/d/19AHuai_FkMWOUmXGdUFrTyna0zCi4iaR/view?usp=sharing,Other
18,The effect of viscosity and hyperbolic two-temperature on energy ratios in elastic and piezoviscothermoelastic half-spaces,"Kumar, Sandeep; Barak, MS; Kumari, Neelam; Gupta, Vipin; Ahmad, Hijaz",Mechanics of Time-Dependent Materials,2024,28,3,937-957,SCI,4.5,https://doi.org/10.1007/s11043-023-09657-1,https://drive.google.com/file/d/19ap-zwQE9_7Q0-rIKXbX5w40Klzdo4Ag/view?usp=sharing,Other
19,Reflection of quasi plasma wave in photo-piezo semiconductor medium with distinct higher order fractional derivative two temperature models,"Gupta, Vipin; Barak, MS; Ahmad, Hijaz",Physica Scripta,2024,99,2,025515,SCI,2.6,https://doi.org/10.1088/1402-4896/ad1972,https://drive.google.com/file/d/1cSZPwfGs7-NeO1am6Oe5huiQYkgzU5g7/view?usp=sharing,Other
20,Thermoelastic modeling with dual porosity interacting with an inviscid liquid,"Kumar, Rajesh; Pathania, Vijayata; Gupta, Vipin; Barak, MS; Ahmad, Hijaz",Journal of Applied and Computational Mechanics,2024,10,1,111-124,Scopus,3.5,https://doi.org/10.22055/jacm.2023.44488.4221,https://drive.google.com/file/d/15P68N39hch7w-eBNi_TgskfBeN5mcfK8/view?usp=sharing,Other
21,Photo-thermo-piezo-elastic waves in semiconductor medium subject to distinct two temperature models with higher order memory dependencies,"Gupta, Vipin; Barak, MS",International Journal of Numerical Methods for Heat & Fluid Flow,2024,34,1,84-108,SCI,5.3,https://doi.org/10.1108/hff-07-2023-0380,https://mjl.clarivate.com/search-results?issn=0961-5539&hide_exact_match_fl=true&utm_source=mjl&utm_medium=share-by-link&utm_campaign=search-results-share-this-journal,Other
22,Quasi-P wave through orthotropic piezo-thermoelastic materials subject to higher order fractional and memory-dependent derivatives,"Gupta, Vipin; Barak, MS",Mechanics of Advanced Materials and Structures,2024,31,22,5532-5546,SCI,3.6,https://doi.org/10.1080/15376494.2023.2217420,https://drive.google.com/file/d/1ISCkNzLeZPi8kXc992OYtQRT1pYK_pxj/view?usp=sharing,Other
23,Memory-dependent and fractional order analysis of the initially stressed piezo-thermoelastic medium,"Barak, MS; Gupta, Vipin",Mechanics of Advanced Materials and Structures,2024,31,20,5013-5027,SCI,3.6,https://doi.org/10.1080/15376494.2023.2211065,https://drive.google.com/file/d/1y1gO6Ln2cQaxCssTtBy0QHrRohkSsWKh/view?usp=sharing,Other
24,Three-phase-lag analysis of transversely isotropic double porous thermoelastic waves with liquid medium,"Pathania, Vijayata; Kumar, Rajesh; Barak, MS; Gupta, Vipin",Physica Scripta,2024,99,9,095958,SCI,2.6,https://doi.org/10.1088/1402-4896/ad6ae7,https://drive.google.com/file/d/1zlZ8pOZ_GxBr8HTk4s0JfpDLBLNn4nb3/view?usp=sharing,Gurugram University
25,Comparative analysis of double and single porosity effects on SH-wave induced vibrations in periodic porous lattices,"Dutta, Rachaita; Das, Soumik; Ahmad, Hijaz; Meghana, AR; Gupta, Vipin",Soil Dynamics and Earthquake Engineering,2024,186,-,108919,SCI,5.1,https://doi.org/10.1016/j.soildyn.2024.108919,https://drive.google.com/file/d/1pHMqcGf3Uem1mE3LYU7UWwdEy5c1Jau5/view?usp=sharing,Gurugram University
26,Rayleigh wave in nonlocal piezo-thermo-electric semiconductor medium with fractional MGT model,"Gupta, Vipin; Ahmad, Hijaz; Barak, MS; Das, Soumik",Waves in Random and Complex Media,2024,-,-,1-24,Scopus,3.1,https://doi.org/10.1080/17455030.2024.2379958,https://drive.google.com/file/d/1gKf4qdUjPSUKnel5dP2kuUkQ-c1qL_xh/view?usp=sharing,Gurugram University
27,Rheology-dependent surface wave characteristics in an advanced geomaterial flexoelectric plate with viscoelastic coating,"Singhal, Abhinav; Tiwari, Rakhi; Gupta, Vipin; Dutta, Rachaita; Ahmad, Hijaz; Das, Soumik",Physica Scripta,2025,100,1,015232,SCI,2.6,https://doi.org/10.1088/1402-4896/ad97eb,https://drive.google.com/file/d/1OsHF2vXoEwQVpzP1fU-OAzEe-oDHnlVA/view?usp=sharing,Gurugram University
28,Fractional and memory effects on wave reflection in pre-stressed microstructured solids with dual porosity,"Das, Soumik; Dutta, Rachaita; Gupta, Vipin; Singhal, Abhinav; Barak, MS; Almohsen, Bandar",European Journal of Mechanics - A/Solids,2025,111,-,105565,SCI,4.7,https://doi.org/10.1016/j.euromechsol.2024.105565,https://drive.google.com/file/d/1E8C00YzI0D2I5_6PjKq1nLwREJeq9XgL/view?usp=sharing,Gurugram University
29,Effects of layer imperfections and material gradation on circumferential shear horizontal waves in cylindrical piezoelectric composite structure,"Gupta, Vipin; Kumawat, Sunita; Vishwakarma, Sumit Kumar; Barak, MS; Das, Soumik",Composite Structures,2025,359,-,118997,SCI,7.8,https://doi.org/10.1016/j.compstruct.2025.118997,https://drive.google.com/file/d/11n3K8zZc3Gj3W0AxA3AJTC-1QmGDODqZ/view?usp=sharing,Gurugram University
30,Shear Waves Induced Vibration in a Size-dependent Loosely-bonded Viscoelastic–Flexoelectric Material Structure Subjected to Fractional Derivative,"Meghana, AR; Dutta, Rachaita; Gupta, Vipin; Das, Soumik; Singhal, Abhinav; Sur, Abhik; Almohsen, Bandar",European Journal of Mechanics - A/Solids,2025,112,-,105666,SCI,4.7,https://doi.org/10.1016/j.euromechsol.2025.105666,https://drive.google.com/file/d/1GzKthF5__90M0XY7c4fGFaiMeVMjaRoD/view?usp=sharing,Gurugram University
31,Complex wave interactions in graded piezomagnetic materials: a gravity and flexomagnetic perspective,"Guha, Sayantan; Gupta, Vipin; Biswas, Mahargha; Singh, AK; Barak, MS",International Journal of Numerical Methods for Heat & Fluid Flow,2025,35,4,1459-1483,SCI,5.3,https://doi.org/10.1108/hff-10-2024-0804,https://mjl.clarivate.com/search-results?issn=0961-5539&hide_exact_match_fl=true&utm_source=mjl&utm_medium=share-by-link&utm_campaign=search-results-share-this-journal,Gurugram University
32,Response of memory to the imperfect fluid–double porous non–local thermoelastic solid interface,"Kumar, Rajesh; Gupta, Vipin; Pathania, Vijayata; Barak, MS",Journal of Information & Optimization Sciences,2025,46,5,1479-1503,WOS,0.4,https://doi.org/10.47974/jios-1608,https://drive.google.com/file/d/1-ZF7eGaVlyCaE6hvbMcP7Ivm8nXVSCuh/view?usp=sharing,Gurugram University
33,Response of double porous deformation on an initially stressed thermoelastic medium,"Kumar, Rajesh; Gupta, Vipin; Barak, MS; Ahmad, Hijaz; Almohsen, Bandar; Pathania, Vijayata",Journal of Thermal Stresses,2025,48,6,638-659,SCI,2.4,https://doi.org/10.1080/01495739.2024.2441967,https://drive.google.com/file/d/1hbErIqUcp-VGX6L_THsI49Nn2LFnngEt/view?usp=sharing,Gurugram University
34,Piezo-semiconductor-void interplay in the size-dependent dynamics of Rayleigh waves within the Moore– Gibson–Thompson framework,"Gupta, Vipin; Awwad, Fuad A; Ismail, Emad AA; Ahmad, Hijaz; Das, Soumik",International Journal of Numerical Methods for Heat & Fluid Flow,2025,35,9,3400-3428,SCI,5.3,https://doi.org/10.1108/hff-04-2025-0254,https://drive.google.com/file/d/1Gf5Q863WbNQH6UoqqCEn0CVnCngv8s4O/view?usp=sharing,Gurugram University
35,Coupled thermo-mechanical dynamics of rotating nano-beams with spatiotemporal nonlocality and higher-order memory-driven heat transfer,"Sur, Abhik; Das, Soumik; Gupta, Vipin; Craciun, Eduard-Marius",International Journal of Numerical Methods for Heat & Fluid Flow,2025,-,-,-,SCI,5.3,https://doi.org/10.1108/hff-06-2025-0411,https://drive.google.com/file/d/19QXZBcZRQsQKQ7jFps3u9YQutGO2MtSh/view?usp=sharing,Gurugram University
36,Size-dependent analysis of surface wave in irregular fractured porous seabed subjected to fractional-order derivative,"AR, Meghana; Dutta, Rachaita; Gupta, Vipin; Singhal, Abhinav; Craciun, Eduard-Marius; Das, Soumik",Mechanics of Advanced Materials and Structures,2026,33,1,-,SCI,3.6,https://doi.org/10.1080/15376494.2024.2440131,https://drive.google.com/file/d/11a3hDSdD9Ar6VUSZbNiNmLpKphVGyDt-/view?usp=sharing,Gurugram University
37,Hydro-thermo-electromechanical response in a size-dependent porous piezoelectric medium under memory- dependent MGT theory,"Das, Soumik; Sur, Abhik; Gupta, Vipin; Dutta, Rachaita; Singhal, Abhinav; Kumar, Pulkit",Mechanics of Advanced Materials and Structures,2026,33,1,-,SCI,3.6,https://doi.org/10.1080/15376494.2025.2516213,https://drive.google.com/file/d/13-y48vtkaaSl8CJZY49FRFIVD5nzkfHz/view?usp=sharing,Gurugram University
38,Acoustic wave behavior in rotating functionally graded piezomagnetic media with impedance boundaries,"S. Guha , V. Gupta, M. Biswas, M. Mahanty, B.P. Sarangi, A. Haty, S. Nain",European Journal of Mechanics - A/Solids,2026,115,-,105786,SCI,4.7,https://doi.org/10.1016/j.euromechsol.2025.105786,https://drive.google.com/file/d/1yTIdNTZi_UX1ZiDi021cxqzJXllgRqPF/view?usp=sharing,Gurugram University
39,Modeling SH-wave dynamics in a size-dependent poroelastic-flexomagnetic layered waveguide structure with parabolic interfacial discontinuity,"Gupta, Vipin; Das, Soumik; Marin, Marin; Almohsen, Bandar; Dutta Rachaita",Applied Mathematical Modelling,2026,150,-,116393,SCI,5.5,https://doi.org/10.1016/j.apm.2025.116393,https://drive.google.com/file/d/1zRHtQ1DQiGsyC9GUFTjTDiBcI70koMqV/view?usp=sharing,Gurugram University
40,Frictional moving load-induced dynamic response of a porous piezoelectric micro/nano plate with superficial parabolic discontinuity,"Meghana, AR; Das, Soumik; Dutta, Rachaita; Gupta, Vipin; Yaylacı, Murat; Almalki, Faisal Muteb K; Ghatasheh, Mohammad; Flah, Aymen",Scientific Reports,2026,16,-,18073,SCI,4.9,https://doi.org/10.1038/s41598-025-34351-2,https://www.nature.com/articles/s41598-025-34351-2,Gurugram University
41,Size-dependent analysis of surface wave in irregular fractured porous seabed subjected to fractional-order derivative,"AR, Meghana; Dutta, Rachaita; Gupta, Vipin; Singhal, Abhinav; Craciun, Eduard-Marius; Das, Soumik",Mechanics of Advanced Materials and Structures,2026,33,1,2440131,SCI,3.6,https://doi.org/10.1080/15376494.2024.2440131,https://drive.google.com/file/d/1X6AbnHBWscPwhavyI74WJVpzT6kw2Kow/view?usp=sharing,Gurugram University
42,Dynamic response of a loosely bonded viscoelastic/porous piezoelectric bilayer microplate to a frictional moving load over a parabolic discontinuity,"Meghana, AR; Marin, Marin; Dutta, Rachaita; Gupta, Vipin; Sur, Abhik; Yaylacı, Murat; Das, Soumik",Applied Mathematical Modelling,2026,157,-,116904,SCI,5.5,https://doi.org/10.1016/j.apm.2026.116904,https://drive.google.com/file/d/1rkr9frn-vLC06DKGrmtseUMClaB9deAM/view?usp=sharing,Gurugram University
43,On the wave propagation and dynamic response of a spherical cavity in piezoelectric microstructures via Rabotnov kernel-based Moore-Gibson-Thompson thermoelasticity theory,"Sur, Abhik; Gupta, Vipin; Singhal, Abhinav; Yaylaci, Murat; Das, Soumik",International Journal of Structural Stability and Dynamics,2026,-,-,-,SCI,3.8,https://doi.org/10.1142/s0219455426420150,https://drive.google.com/file/d/15r-siIXhjLwqIy0PRwJrFNd5F45Vi7dZ/view?usp=sharing,Gurugram University
44,Klein–Gordon nonlocal dynamics of porous piezo-thermoelastic medium with surface irregularity under fractional-order modified LS model: S. Das et al,"Das, Soumik; Gupta, Vipin; Dutta, Rachaita; Singhal, Abhinav; Peng, Wei; Sur, Abhik",International Journal of Mechanics and Materials in Design,2026,22,2,77,SCI,4.7,https://doi.org/10.1007/s10999-026-09892-7,https://drive.google.com/file/d/18wSq9Vy_VRuJNc_pS1pua2obYZ-_QyJo/view?usp=sharing,Gurugram University
45,Heat map analysis of wave dynamics in nonlocal Kelvin–Voigt piezo-semiconductors under memory-dependent heat flux,"Gupta, Vipin; Hussain, Syed Modassir; Yaylacı, Murat; Das, Soumik",Continuum Mechanics and Thermodynamics,2026,38,-,41,SCI,3.0,https://doi.org/10.1007/s00161-026-01472-6,https://drive.google.com/file/d/1oU1s2Iyrg5hny2dtbU1Drr1kEewk_8ak/view?usp=sharing,Gurugram University
46,Dynamic response of tri-layered functionally graded-viscoelastic-piezomagnetic cylindrical tunnel excited by circumferential shear horizontal waves,"Gupta, Vipin; Flah, Aymen; Yaylacı, Murat; Sur, Abhik; Pergl, Ivo; Ghatasheh, Mohammad; Das, Soumik",Scientific Reports,2026,16,1,18073,SCI,4.9,https://doi.org/10.1038/s41598-026-46812-3,https://www.nature.com/articles/s41598-026-46812-3,Gurugram University
47,Fractal geometry-based Klein-Gordon model for heat and mass transfer in a cylindrical cavity with variable thermal conductivity,"Sur, Abhik; Das, Soumik; Gupta, Vipin; Peng, Wei; Ahmad, Hijaz; Radwan, Taha",Propulsion and Power Research,2026,-,-,-,SCI,6.7,https://doi.org/10.1016/j.jppr.2026.116904,https://drive.google.com/file/d/1C_7oWqaQ_AyD6ZGgzgp9BPlHtO6jhy-M/view?usp=sharing,Gurugram University
48,Dispersion and damping characteristics of Rayleigh-type waves in KG nonlocal fractional piezo-thermo-electric semiconductor medium,"Aldandani, Mohammed; Das, Soumik; Yadav, Arun Kumar; Yaylacı, Murat; Gupta, Vipin",International Journal of Numerical Methods for Heat & Fluid Flow,2026,36,8,3021-3047,SCI,5.3,https://doi.org/10.1108/hff-11-2025-0930,https://drive.google.com/file/d/1T8oBy28gem04VocBCc03c8Em9c3OtNH8/view?usp=sharing,Gurugram University
