corpus,id_or_file,title,metadata_status,reading_status,scope_or_limitation
PUBLISHED_USER_LIST,1,Generalized plane waves in a rotating thermoelastic double porous solid,METADATA_VERIFIED_CROSSREF,SECTION_LEVEL_INITIAL_READING_COMPLETED,Fulltext section-level reading; no numerical reproduction
PUBLISHED_USER_LIST,2,Behavior of higher-order MDD on energy ratios at the interface of thermoelastic and piezothermoelastic mediums,METADATA_VERIFIED_CROSSREF,SECTION_LEVEL_INITIAL_READING_COMPLETED,Fulltext section-level reading; no numerical reproduction
PUBLISHED_USER_LIST,3,Analysis of waves at boundary surfaces at distinct media with nonlocal dual-phase-lag,METADATA_VERIFIED_CROSSREF,INVENTORIED_ONLY / NOT_FULLTEXT_REVIEWED,No fulltext reading claim; API 429 does not indicate an invalid publication
PUBLISHED_USER_LIST,4,Energy ratio response at the interface of elastic and dual-porous thermoelastic half-spaces,REQUIRES_VERIFICATION,INVENTORIED_ONLY / NOT_FULLTEXT_REVIEWED,No fulltext reading claim; API 429 does not indicate an invalid publication
PUBLISHED_USER_LIST,5,Reflection at the free surface of the orthotropic piezo-hygro-thermo-elastic medium,REQUIRES_VERIFICATION,INVENTORIED_ONLY / NOT_FULLTEXT_REVIEWED,No fulltext reading claim; API 429 does not indicate an invalid publication
PUBLISHED_USER_LIST,6,Energy analysis at the interface of piezo/thermoelastic half spaces,METADATA_VERIFIED_CROSSREF,INVENTORIED_ONLY / NOT_FULLTEXT_REVIEWED,No fulltext reading claim; API 429 does not indicate an invalid publication
PUBLISHED_USER_LIST,7,The effect of memory and stiffness on energy ratios at the interface of distinct media,METADATA_VERIFIED_CROSSREF,INVENTORIED_ONLY / NOT_FULLTEXT_REVIEWED,No fulltext reading claim; API 429 does not indicate an invalid publication
PUBLISHED_USER_LIST,8,"Double porous thermoelastic waves in a homogeneous, isotropic solid with inviscid liquid",METADATA_VERIFIED_CROSSREF,INVENTORIED_ONLY / NOT_FULLTEXT_REVIEWED,No fulltext reading claim; API 429 does not indicate an invalid publication
PUBLISHED_USER_LIST,9,Energy analysis at the boundary interface of elastic and piezothermoelastic half-spaces,REQUIRES_VERIFICATION,INVENTORIED_ONLY / NOT_FULLTEXT_REVIEWED,No fulltext reading claim; API 429 does not indicate an invalid publication
PUBLISHED_USER_LIST,10,Reflection/transmission of plane waves at the interface of an ideal fluid and nonlocal piezothermoelastic medium,REQUIRES_VERIFICATION,INVENTORIED_ONLY / NOT_FULLTEXT_REVIEWED,No fulltext reading claim; API 429 does not indicate an invalid publication
PUBLISHED_USER_LIST,11,Energy transfer at the interface of monoclinic piezothermoelastic and thermoelastic half spaces with MDD,METADATA_VERIFIED_CROSSREF,INVENTORIED_ONLY / NOT_FULLTEXT_REVIEWED,No fulltext reading claim; API 429 does not indicate an invalid publication
PUBLISHED_USER_LIST,12,Vibrational analysis of size-dependent thermo-piezo-photo-electric semiconductor medium under memory-dependent Moore Gibson Thompson photo-thermoelasticity theory,REQUIRES_VERIFICATION,INVENTORIED_ONLY / NOT_FULLTEXT_REVIEWED,No fulltext reading claim; API 429 does not indicate an invalid publication
PUBLISHED_USER_LIST,13,Fractional and MDD analysis of piezo-photo-thermo-elastic waves in semiconductor medium,REQUIRES_VERIFICATION,INVENTORIED_ONLY / NOT_FULLTEXT_REVIEWED,No fulltext reading claim; API 429 does not indicate an invalid publication
PUBLISHED_USER_LIST,14,Size-dependent effect on the interaction of surface waves in micropolar thermoelastic medium with dual pore connectivity,REQUIRES_VERIFICATION,INVENTORIED_ONLY / NOT_FULLTEXT_REVIEWED,No fulltext reading claim; API 429 does not indicate an invalid publication
PUBLISHED_USER_LIST,15,Response of Moisture and Temperature Diffusivity on an Orthotropic Hygro-thermo-piezo-elastic Medium,METADATA_VERIFIED_CROSSREF,INVENTORIED_ONLY / NOT_FULLTEXT_REVIEWED,No fulltext reading claim; API 429 does not indicate an invalid publication
PUBLISHED_USER_LIST,16,Response of stiffness and viscosity on the energy ratios at piezo-visco-thermo-elastic medium,REQUIRES_VERIFICATION,INVENTORIED_ONLY / NOT_FULLTEXT_REVIEWED,No fulltext reading claim; API 429 does not indicate an invalid publication
PUBLISHED_USER_LIST,17,Impact of memory-dependent heat transfer on Rayleigh waves propagation in nonlocal piezo-thermo-elastic medium with voids,REQUIRES_VERIFICATION,INVENTORIED_ONLY / NOT_FULLTEXT_REVIEWED,No fulltext reading claim; API 429 does not indicate an invalid publication
PUBLISHED_USER_LIST,18,The effect of viscosity and hyperbolic two-temperature on energy ratios in elastic and piezoviscothermoelastic half-spaces,REQUIRES_VERIFICATION,INVENTORIED_ONLY / NOT_FULLTEXT_REVIEWED,No fulltext reading claim; API 429 does not indicate an invalid publication
PUBLISHED_USER_LIST,19,Reflection of quasi plasma wave in photo-piezo semiconductor medium with distinct higher order fractional derivative two temperature models,REQUIRES_VERIFICATION,INVENTORIED_ONLY / NOT_FULLTEXT_REVIEWED,No fulltext reading claim; API 429 does not indicate an invalid publication
PUBLISHED_USER_LIST,20,Thermoelastic modeling with dual porosity interacting with an inviscid liquid,REQUIRES_VERIFICATION,INVENTORIED_ONLY / NOT_FULLTEXT_REVIEWED,No fulltext reading claim; API 429 does not indicate an invalid publication
PUBLISHED_USER_LIST,21,Photo-thermo-piezo-elastic waves in semiconductor medium subject to distinct two temperature models with higher order memory dependencies,REQUIRES_VERIFICATION,INVENTORIED_ONLY / NOT_FULLTEXT_REVIEWED,No fulltext reading claim; API 429 does not indicate an invalid publication
PUBLISHED_USER_LIST,22,Quasi-P wave through orthotropic piezo-thermoelastic materials subject to higher order fractional and memory-dependent derivatives,METADATA_VERIFIED_CROSSREF,INVENTORIED_ONLY / NOT_FULLTEXT_REVIEWED,No fulltext reading claim; API 429 does not indicate an invalid publication
PUBLISHED_USER_LIST,23,Memory-dependent and fractional order analysis of the initially stressed piezo-thermoelastic medium,REQUIRES_VERIFICATION,INVENTORIED_ONLY / NOT_FULLTEXT_REVIEWED,No fulltext reading claim; API 429 does not indicate an invalid publication
PUBLISHED_USER_LIST,24,Three-phase-lag analysis of transversely isotropic double porous thermoelastic waves with liquid medium,METADATA_VERIFIED_CROSSREF,INVENTORIED_ONLY / NOT_FULLTEXT_REVIEWED,No fulltext reading claim; API 429 does not indicate an invalid publication
PUBLISHED_USER_LIST,25,Comparative analysis of double and single porosity effects on SH-wave induced vibrations in periodic porous lattices,REQUIRES_VERIFICATION,SECTION_LEVEL_INITIAL_READING_COMPLETED,Fulltext section-level reading; no numerical reproduction
PUBLISHED_USER_LIST,26,Rayleigh wave in nonlocal piezo-thermo-electric semiconductor medium with fractional MGT model,REQUIRES_VERIFICATION,INVENTORIED_ONLY / NOT_FULLTEXT_REVIEWED,No fulltext reading claim; API 429 does not indicate an invalid publication
PUBLISHED_USER_LIST,27,Rheology-dependent surface wave characteristics in an advanced geomaterial flexoelectric plate with viscoelastic coating,REQUIRES_VERIFICATION,INVENTORIED_ONLY / NOT_FULLTEXT_REVIEWED,No fulltext reading claim; API 429 does not indicate an invalid publication
PUBLISHED_USER_LIST,28,Fractional and memory effects on wave reflection in pre-stressed microstructured solids with dual porosity,METADATA_VERIFIED_CROSSREF,INVENTORIED_ONLY / NOT_FULLTEXT_REVIEWED,No fulltext reading claim; API 429 does not indicate an invalid publication
PUBLISHED_USER_LIST,29,Effects of layer imperfections and material gradation on circumferential shear horizontal waves in cylindrical piezoelectric composite structure,REQUIRES_VERIFICATION,SECTION_LEVEL_INITIAL_READING_COMPLETED,Fulltext section-level reading; no numerical reproduction
PUBLISHED_USER_LIST,30,Shear Waves Induced Vibration in a Size-dependent Loosely-bonded Viscoelastic–Flexoelectric Material Structure Subjected to Fractional Derivative,REQUIRES_VERIFICATION,INVENTORIED_ONLY / NOT_FULLTEXT_REVIEWED,No fulltext reading claim; API 429 does not indicate an invalid publication
PUBLISHED_USER_LIST,31,Complex wave interactions in graded piezomagnetic materials: a gravity and flexomagnetic perspective,METADATA_VERIFIED_CROSSREF,INVENTORIED_ONLY / NOT_FULLTEXT_REVIEWED,No fulltext reading claim; API 429 does not indicate an invalid publication
PUBLISHED_USER_LIST,32,Response of memory to the imperfect fluid–double porous non–local thermoelastic solid interface,REQUIRES_VERIFICATION,INVENTORIED_ONLY / NOT_FULLTEXT_REVIEWED,No fulltext reading claim; API 429 does not indicate an invalid publication
PUBLISHED_USER_LIST,33,Response of double porous deformation on an initially stressed thermoelastic medium,REQUIRES_VERIFICATION,INVENTORIED_ONLY / NOT_FULLTEXT_REVIEWED,No fulltext reading claim; API 429 does not indicate an invalid publication
PUBLISHED_USER_LIST,34,Piezo-semiconductor-void interplay in the size-dependent dynamics of Rayleigh waves within the Moore– Gibson–Thompson framework,REQUIRES_VERIFICATION,INVENTORIED_ONLY / NOT_FULLTEXT_REVIEWED,No fulltext reading claim; API 429 does not indicate an invalid publication
PUBLISHED_USER_LIST,35,Coupled thermo-mechanical dynamics of rotating nano-beams with spatiotemporal nonlocality and higher-order memory-driven heat transfer,REQUIRES_VERIFICATION,SECTION_LEVEL_INITIAL_READING_COMPLETED,Fulltext section-level reading; no numerical reproduction
PUBLISHED_USER_LIST,36,Size-dependent analysis of surface wave in irregular fractured porous seabed subjected to fractional-order derivative,REQUIRES_VERIFICATION; DUPLICATE_DOI_PAIR,INVENTORIED_ONLY / NOT_FULLTEXT_REVIEWED,No fulltext reading claim; API 429 does not indicate an invalid publication
PUBLISHED_USER_LIST,37,Hydro-thermo-electromechanical response in a size-dependent porous piezoelectric medium under memory- dependent MGT theory,REQUIRES_VERIFICATION,INVENTORIED_ONLY / NOT_FULLTEXT_REVIEWED,No fulltext reading claim; API 429 does not indicate an invalid publication
PUBLISHED_USER_LIST,38,Acoustic wave behavior in rotating functionally graded piezomagnetic media with impedance boundaries,REQUIRES_VERIFICATION,SECTION_LEVEL_INITIAL_READING_COMPLETED,Fulltext section-level reading; no numerical reproduction
PUBLISHED_USER_LIST,39,Modeling SH-wave dynamics in a size-dependent poroelastic-flexomagnetic layered waveguide structure with parabolic interfacial discontinuity,REQUIRES_VERIFICATION,INVENTORIED_ONLY / NOT_FULLTEXT_REVIEWED,No fulltext reading claim; API 429 does not indicate an invalid publication
PUBLISHED_USER_LIST,40,Frictional moving load-induced dynamic response of a porous piezoelectric micro/nano plate with superficial parabolic discontinuity,REQUIRES_VERIFICATION,INVENTORIED_ONLY / NOT_FULLTEXT_REVIEWED,No fulltext reading claim; API 429 does not indicate an invalid publication
PUBLISHED_USER_LIST,41,Size-dependent analysis of surface wave in irregular fractured porous seabed subjected to fractional-order derivative,REQUIRES_VERIFICATION; DUPLICATE_DOI_PAIR,INVENTORIED_ONLY / NOT_FULLTEXT_REVIEWED,No fulltext reading claim; API 429 does not indicate an invalid publication
PUBLISHED_USER_LIST,42,Dynamic response of a loosely bonded viscoelastic/porous piezoelectric bilayer microplate to a frictional moving load over a parabolic discontinuity,REQUIRES_VERIFICATION,INVENTORIED_ONLY / NOT_FULLTEXT_REVIEWED,No fulltext reading claim; API 429 does not indicate an invalid publication
PUBLISHED_USER_LIST,43,On the wave propagation and dynamic response of a spherical cavity in piezoelectric microstructures via Rabotnov kernel-based Moore-Gibson-Thompson thermoelasticity theory,REQUIRES_VERIFICATION,INVENTORIED_ONLY / NOT_FULLTEXT_REVIEWED,No fulltext reading claim; API 429 does not indicate an invalid publication
PUBLISHED_USER_LIST,44,Klein–Gordon nonlocal dynamics of porous piezo-thermoelastic medium with surface irregularity under fractional-order modified LS model: S. Das et al,REQUIRES_VERIFICATION,INVENTORIED_ONLY / NOT_FULLTEXT_REVIEWED,No fulltext reading claim; API 429 does not indicate an invalid publication
PUBLISHED_USER_LIST,45,Heat map analysis of wave dynamics in nonlocal Kelvin–Voigt piezo-semiconductors under memory-dependent heat flux,REQUIRES_VERIFICATION,SECTION_LEVEL_INITIAL_READING_COMPLETED,Fulltext section-level reading; no numerical reproduction
PUBLISHED_USER_LIST,46,Dynamic response of tri-layered functionally graded-viscoelastic-piezomagnetic cylindrical tunnel excited by circumferential shear horizontal waves,REQUIRES_VERIFICATION,INVENTORIED_ONLY / NOT_FULLTEXT_REVIEWED,No fulltext reading claim; API 429 does not indicate an invalid publication
PUBLISHED_USER_LIST,47,Fractal geometry-based Klein-Gordon model for heat and mass transfer in a cylindrical cavity with variable thermal conductivity,USER_DOI_MISMATCH; CORRECT_DOI_VERIFIED_IN_PDF_AND_PUBLISHER_RECORD,SECTION_LEVEL_INITIAL_READING_COMPLETED,Fulltext section-level reading; no numerical reproduction
PUBLISHED_USER_LIST,48,Dispersion and damping characteristics of Rayleigh-type waves in KG nonlocal fractional piezo-thermo-electric semiconductor medium,REQUIRES_VERIFICATION,INVENTORIED_ONLY / NOT_FULLTEXT_REVIEWED,No fulltext reading claim; API 429 does not indicate an invalid publication
UNPUBLISHED_USER_SUPPLIED,FEM_!_Paper.pdf,Finite Element Analysis of Second-Order Strain-Gradient Elasticity with Ellipsoidal Nonlocal Characteristic Lengths,USER_SUPPLIED_UNPUBLISHED_STATUS,SECTION_LEVEL_INITIAL_READING_COMPLETED,Selected sections read; code/data/tests not executed; title/author details require source PDF rather than automatic title extraction
UNPUBLISHED_USER_SUPPLIED,FEM_2_Paper.pdf,A C1-continuous Bogner–Fox–Schmit finite element framework for Mindlin Form-II strain-gradient elasticity with anisotropic ellipsoidal microstructures: boundary-layer mechanics and size-dependent responses,USER_SUPPLIED_UNPUBLISHED_STATUS,SECTION_LEVEL_INITIAL_READING_COMPLETED,Selected sections read; code/data/tests not executed; title/author details require source PDF rather than automatic title extraction
UNPUBLISHED_USER_SUPPLIED,FEM_3_Paper.pdf,A Total-Lagrangian C1 Bogner–Fox–Schmit Formulation for Finite-Strain Mindlin Form-II Strain-Gradient Elasticity,USER_SUPPLIED_UNPUBLISHED_STATUS,SECTION_LEVEL_INITIAL_READING_COMPLETED,Selected sections read; code/data/tests not executed; title/author details require source PDF rather than automatic title extraction
UNPUBLISHED_USER_SUPPLIED,FEM_4_Paper.pdf,A conforming C1 Bogner–Fox–Schmit finite element formulation for coupled piezoelectric–flexoelectric continuum media with Mindlin Form-II strain-gradient elasticity,USER_SUPPLIED_UNPUBLISHED_STATUS,SECTION_LEVEL_INITIAL_READING_COMPLETED,Selected sections read; code/data/tests not executed; title/author details require source PDF rather than automatic title extraction
UNPUBLISHED_USER_SUPPLIED,FEM_5_Paper.pdf,Coupled Piezoelectric–Pyroelectric Open-Circuit Voltage in a Plane-Strain Tetragonal BaTiO3 Microcantilever: Effect of the Plane-Strain Thermal-Stress Reduction on Polarity and Magnitude,USER_SUPPLIED_UNPUBLISHED_STATUS,SECTION_LEVEL_INITIAL_READING_COMPLETED,Selected sections read; code/data/tests not executed; title/author details require source PDF rather than automatic title extraction
UNPUBLISHED_USER_SUPPLIED,GK_heat_Paper.pdf,Fourier Resonance–Induced Structural Non-Identifiability in the Guyer–Krumhansl Model,USER_SUPPLIED_UNPUBLISHED_STATUS,SECTION_LEVEL_INITIAL_READING_COMPLETED,Selected sections read; code/data/tests not executed; title/author details require source PDF rather than automatic title extraction
UNPUBLISHED_USER_SUPPLIED,Quasi_crystal_Paper.pdf,"Surface waves in a two-dimensional hexagonal piezoelectric thermoelastic quasicrystal half-space: a semi-analytical study of inertial, diffusive, and telegraph-type phason dynamics",USER_SUPPLIED_UNPUBLISHED_STATUS,SECTION_LEVEL_INITIAL_READING_COMPLETED,Selected sections read; code/data/tests not executed; title/author details require source PDF rather than automatic title extraction
UNPUBLISHED_USER_SUPPLIED,paper_springer.pdf,"Torsional Surface Waves in a Cylindrical Waveguide with Thermoelastic Core, Elastic Metamaterial Shell, and Gurtin–Murdoch Surface Elasticity: Dispersion, Decoupling, and Sensing Analysis",USER_SUPPLIED_UNPUBLISHED_STATUS,SECTION_LEVEL_INITIAL_READING_COMPLETED,Selected sections read; code/data/tests not executed; title/author details require source PDF rather than automatic title extraction
