RUN_ID,block,status,CODE_VERSION(freeze sha256[:16]),INPUT_CHECKSUM,REFERENCE_DATA_VERSION(cg_model sha256[:16]),ENVIRONMENT_VERSION,OUTPUT_LOCATION,OUTPUT_SHA256[:16],wall_s,n_solves,backward_err,wall_pulse_err
A_chi1_phi000_M,A,RUN_SUCCESS,feab48880c3c1359,921c8cca37136d6d,f15578152b6374c1,Python 3.13.14; numpy/scipy as in CODE_FREEZE; Linux-6.1.158+-x86_64-with-glibc2.41,09_Raw_Data/production/A_chi1_phi000_M.npz,ef72e1451c6c0e40,68,27,7.279680242636356e-25,6.337471067996692e-09
A_chi1_phi000_R192,A,RUN_SUCCESS,feab48880c3c1359,7f9a09f6c8b0f77b,f15578152b6374c1,Python 3.13.14; numpy/scipy as in CODE_FREEZE; Linux-6.1.158+-x86_64-with-glibc2.41,09_Raw_Data/production/A_chi1_phi000_R192.npz,5932a91a95e7ab5a,144,27,1.4537939209478578e-24,6.337471067996692e-09
A_chi1_phi000_R48,A,RUN_SUCCESS,feab48880c3c1359,2c26e042938b3822,f15578152b6374c1,Python 3.13.14; numpy/scipy as in CODE_FREEZE; Linux-6.1.158+-x86_64-with-glibc2.41,09_Raw_Data/production/A_chi1_phi000_R48.npz,cf0373a3ba7d73bb,22,27,3.8165944237729702e-25,6.337471067996692e-09
A_chi1_phi000_T48,A,RUN_SUCCESS,feab48880c3c1359,2025e66316022372,f15578152b6374c1,Python 3.13.14; numpy/scipy as in CODE_FREEZE; Linux-6.1.158+-x86_64-with-glibc2.41,09_Raw_Data/production/A_chi1_phi000_T48.npz,be8c9ad91cee892d,17,27,7.001362487343579e-25,6.337471067996692e-09
A_chi1_phi015_M,A,RUN_SUCCESS,feab48880c3c1359,c19385163df22bc3,f15578152b6374c1,Python 3.13.14; numpy/scipy as in CODE_FREEZE; Linux-6.1.158+-x86_64-with-glibc2.41,09_Raw_Data/production/A_chi1_phi015_M.npz,a686cf1efb5187e3,67,27,6.941028293532561e-25,6.337471067996692e-09
A_chi1_phi015_R48,A,RUN_SUCCESS,feab48880c3c1359,fa51c348c32d8058,f15578152b6374c1,Python 3.13.14; numpy/scipy as in CODE_FREEZE; Linux-6.1.158+-x86_64-with-glibc2.41,09_Raw_Data/production/A_chi1_phi015_R48.npz,06da9a50153b8625,22,27,3.671652869220843e-25,6.337471067996692e-09
A_chi1_phi030_R48,A,RUN_SUCCESS,feab48880c3c1359,19c36fdea061a153,f15578152b6374c1,Python 3.13.14; numpy/scipy as in CODE_FREEZE; Linux-6.1.158+-x86_64-with-glibc2.41,09_Raw_Data/production/A_chi1_phi030_R48.npz,cda8de2444e9b278,21,27,3.335354931982696e-25,6.337471067996692e-09
A_chi1_phi045_M,A,RUN_SUCCESS,feab48880c3c1359,2e1e109ce459cea2,f15578152b6374c1,Python 3.13.14; numpy/scipy as in CODE_FREEZE; Linux-6.1.158+-x86_64-with-glibc2.41,09_Raw_Data/production/A_chi1_phi045_M.npz,e45a717f50aada78,67,27,6.3875308721838765e-25,6.337471067996692e-09
A_chi1_phi045_R48,A,RUN_SUCCESS,feab48880c3c1359,759c6cfe3ad42df7,f15578152b6374c1,Python 3.13.14; numpy/scipy as in CODE_FREEZE; Linux-6.1.158+-x86_64-with-glibc2.41,09_Raw_Data/production/A_chi1_phi045_R48.npz,5a41a74478868ec5,22,27,3.25798967167105e-25,6.337471067996692e-09
A_chi1_phi060_R48,A,RUN_SUCCESS,feab48880c3c1359,775a70129f7c91e5,f15578152b6374c1,Python 3.13.14; numpy/scipy as in CODE_FREEZE; Linux-6.1.158+-x86_64-with-glibc2.41,09_Raw_Data/production/A_chi1_phi060_R48.npz,5cf28ba618bca341,22,27,3.8595218795426113e-25,6.337471067996692e-09
A_chi1_phi075_M,A,RUN_SUCCESS,feab48880c3c1359,a8824b920d8c4232,f15578152b6374c1,Python 3.13.14; numpy/scipy as in CODE_FREEZE; Linux-6.1.158+-x86_64-with-glibc2.41,09_Raw_Data/production/A_chi1_phi075_M.npz,bf834d04ad68a0f3,67,27,5.807356724804529e-25,6.337471067996692e-09
A_chi1_phi075_R48,A,RUN_SUCCESS,feab48880c3c1359,3598ba768e158cf6,f15578152b6374c1,Python 3.13.14; numpy/scipy as in CODE_FREEZE; Linux-6.1.158+-x86_64-with-glibc2.41,09_Raw_Data/production/A_chi1_phi075_R48.npz,5228b666df9690b6,21,27,3.9576262874727976e-25,6.337471067996692e-09
A_chi1_phi090_R48,A,RUN_SUCCESS,feab48880c3c1359,c2ae12b59c00042c,f15578152b6374c1,Python 3.13.14; numpy/scipy as in CODE_FREEZE; Linux-6.1.158+-x86_64-with-glibc2.41,09_Raw_Data/production/A_chi1_phi090_R48.npz,87a5842b14a10e48,21,27,3.400989736849617e-25,6.337471067996692e-09
A_chi1_phi105_M,A,RUN_SUCCESS,feab48880c3c1359,e0a0e7f9f9f80578,f15578152b6374c1,Python 3.13.14; numpy/scipy as in CODE_FREEZE; Linux-6.1.158+-x86_64-with-glibc2.41,09_Raw_Data/production/A_chi1_phi105_M.npz,d1a42a14bf52c6d7,65,27,6.715236009154273e-25,6.337471067996692e-09
A_chi1_phi105_R48,A,RUN_SUCCESS,feab48880c3c1359,c9db58e38b913dfe,f15578152b6374c1,Python 3.13.14; numpy/scipy as in CODE_FREEZE; Linux-6.1.158+-x86_64-with-glibc2.41,09_Raw_Data/production/A_chi1_phi105_R48.npz,d08c1f1d67293bc5,21,27,3.537078485113391e-25,6.337471067996692e-09
A_chi1_phi120_R48,A,RUN_SUCCESS,feab48880c3c1359,fa809b9b26ad6668,f15578152b6374c1,Python 3.13.14; numpy/scipy as in CODE_FREEZE; Linux-6.1.158+-x86_64-with-glibc2.41,09_Raw_Data/production/A_chi1_phi120_R48.npz,d02f1d37ff6f43d3,22,27,3.711349127945038e-25,6.337471067996692e-09
A_chi1_phi135_M,A,RUN_SUCCESS,feab48880c3c1359,90a0d95bcc3452d9,f15578152b6374c1,Python 3.13.14; numpy/scipy as in CODE_FREEZE; Linux-6.1.158+-x86_64-with-glibc2.41,09_Raw_Data/production/A_chi1_phi135_M.npz,eb511aeb2fcdc011,66,27,6.102675213837447e-25,6.337471067996692e-09
A_chi1_phi135_R48,A,RUN_SUCCESS,feab48880c3c1359,7f4d14a97aae6378,f15578152b6374c1,Python 3.13.14; numpy/scipy as in CODE_FREEZE; Linux-6.1.158+-x86_64-with-glibc2.41,09_Raw_Data/production/A_chi1_phi135_R48.npz,1cec7feeca7f9bf7,21,27,3.5412937662330677e-25,6.337471067996692e-09
A_chi1_phi150_R48,A,RUN_SUCCESS,feab48880c3c1359,91c25d158bf10240,f15578152b6374c1,Python 3.13.14; numpy/scipy as in CODE_FREEZE; Linux-6.1.158+-x86_64-with-glibc2.41,09_Raw_Data/production/A_chi1_phi150_R48.npz,e7cbac92f652a0f8,21,27,3.6317653718328674e-25,6.337471067996692e-09
A_chi1_phi165_R48,A,RUN_SUCCESS,feab48880c3c1359,4df2dd9ff70512de,f15578152b6374c1,Python 3.13.14; numpy/scipy as in CODE_FREEZE; Linux-6.1.158+-x86_64-with-glibc2.41,09_Raw_Data/production/A_chi1_phi165_R48.npz,eb30eff5b6bf2802,21,27,3.4554207541819144e-25,6.337471067996692e-09
A_chi2_phi000_M,A,RUN_SUCCESS,feab48880c3c1359,a7a21005d3a30259,f15578152b6374c1,Python 3.13.14; numpy/scipy as in CODE_FREEZE; Linux-6.1.158+-x86_64-with-glibc2.41,09_Raw_Data/production/A_chi2_phi000_M.npz,8c0cf1163be65da2,65,27,7.81946764538909e-25,6.337471067996692e-09
A_chi2_phi000_R192,A,RUN_SUCCESS,feab48880c3c1359,3c84889042712417,f15578152b6374c1,Python 3.13.14; numpy/scipy as in CODE_FREEZE; Linux-6.1.158+-x86_64-with-glibc2.41,09_Raw_Data/production/A_chi2_phi000_R192.npz,0649d95933205812,157,27,1.400533789831973e-24,6.337471067996692e-09
A_chi2_phi000_R48,A,RUN_SUCCESS,feab48880c3c1359,32ce6aba1ab82aca,f15578152b6374c1,Python 3.13.14; numpy/scipy as in CODE_FREEZE; Linux-6.1.158+-x86_64-with-glibc2.41,09_Raw_Data/production/A_chi2_phi000_R48.npz,bb508363c20fefdc,22,27,4.0190478740871504e-25,6.337471067996692e-09
A_chi2_phi000_T144,A,RUN_SUCCESS,feab48880c3c1359,f59bbfb23b1fab01,f15578152b6374c1,Python 3.13.14; numpy/scipy as in CODE_FREEZE; Linux-6.1.158+-x86_64-with-glibc2.41,09_Raw_Data/production/A_chi2_phi000_T144.npz,a30c100909e2b6cc,127,27,7.001525522034167e-25,6.337471067996692e-09
A_chi2_phi000_T48,A,RUN_SUCCESS,feab48880c3c1359,ec0781928d1bbe3f,f15578152b6374c1,Python 3.13.14; numpy/scipy as in CODE_FREEZE; Linux-6.1.158+-x86_64-with-glibc2.41,09_Raw_Data/production/A_chi2_phi000_T48.npz,f0ead66b2c2baaf2,18,27,8.069100887193982e-25,6.337471067996692e-09
A_chi2_phi015_M,A,RUN_SUCCESS,feab48880c3c1359,d85bb153f5822d74,f15578152b6374c1,Python 3.13.14; numpy/scipy as in CODE_FREEZE; Linux-6.1.158+-x86_64-with-glibc2.41,09_Raw_Data/production/A_chi2_phi015_M.npz,9cd7cfea2638c38f,66,27,6.428093322024592e-25,6.337471067996692e-09
A_chi2_phi015_R48,A,RUN_SUCCESS,feab48880c3c1359,fa5e390a350a0b40,f15578152b6374c1,Python 3.13.14; numpy/scipy as in CODE_FREEZE; Linux-6.1.158+-x86_64-with-glibc2.41,09_Raw_Data/production/A_chi2_phi015_R48.npz,8a1f0aed002db831,21,27,3.474247458357e-25,6.337471067996692e-09
A_chi2_phi015_T48,A,RUN_SUCCESS,feab48880c3c1359,1fde11ae115c2233,f15578152b6374c1,Python 3.13.14; numpy/scipy as in CODE_FREEZE; Linux-6.1.158+-x86_64-with-glibc2.41,09_Raw_Data/production/A_chi2_phi015_T48.npz,2d324d712acad3a0,18,27,9.736895489805754e-25,6.337471067996692e-09
A_chi2_phi030_M,A,RUN_SUCCESS,feab48880c3c1359,e7002485b5901f8f,f15578152b6374c1,Python 3.13.14; numpy/scipy as in CODE_FREEZE; Linux-6.1.158+-x86_64-with-glibc2.41,09_Raw_Data/production/A_chi2_phi030_M.npz,5a39c10d009148ad,66,27,7.225265430298781e-25,6.337471067996692e-09
A_chi2_phi030_R192,A,RUN_SUCCESS,feab48880c3c1359,0ff709eee00d1f51,f15578152b6374c1,Python 3.13.14; numpy/scipy as in CODE_FREEZE; Linux-6.1.158+-x86_64-with-glibc2.41,09_Raw_Data/production/A_chi2_phi030_R192.npz,7338578d8a32bddd,152,27,1.563650601066459e-24,6.337471067996692e-09
A_chi2_phi030_R48,A,RUN_SUCCESS,feab48880c3c1359,e6e536321dec156c,f15578152b6374c1,Python 3.13.14; numpy/scipy as in CODE_FREEZE; Linux-6.1.158+-x86_64-with-glibc2.41,09_Raw_Data/production/A_chi2_phi030_R48.npz,74ec8ae7f9ead0f4,21,27,3.9850783812328787e-25,6.337471067996692e-09
A_chi2_phi030_T144,A,RUN_SUCCESS,feab48880c3c1359,e2f0f49eb190f641,f15578152b6374c1,Python 3.13.14; numpy/scipy as in CODE_FREEZE; Linux-6.1.158+-x86_64-with-glibc2.41,09_Raw_Data/production/A_chi2_phi030_T144.npz,b3b01c61a26df043,122,27,9.258960157168302e-25,6.337471067996692e-09
A_chi2_phi030_T48,A,RUN_SUCCESS,feab48880c3c1359,d17088e35f8fe7b7,f15578152b6374c1,Python 3.13.14; numpy/scipy as in CODE_FREEZE; Linux-6.1.158+-x86_64-with-glibc2.41,09_Raw_Data/production/A_chi2_phi030_T48.npz,b7d33037f50db3d3,18,27,6.142181932742605e-25,6.337471067996692e-09
A_chi2_phi045_M,A,RUN_SUCCESS,feab48880c3c1359,6e9f6036eabc85d8,f15578152b6374c1,Python 3.13.14; numpy/scipy as in CODE_FREEZE; Linux-6.1.158+-x86_64-with-glibc2.41,09_Raw_Data/production/A_chi2_phi045_M.npz,f6da88dcb2eb1493,67,27,5.667871592485144e-25,6.337471067996692e-09
A_chi2_phi045_R48,A,RUN_SUCCESS,feab48880c3c1359,fa62ddcc944f3570,f15578152b6374c1,Python 3.13.14; numpy/scipy as in CODE_FREEZE; Linux-6.1.158+-x86_64-with-glibc2.41,09_Raw_Data/production/A_chi2_phi045_R48.npz,ecf01508b444ab15,22,27,2.957778239005437e-25,6.337471067996692e-09
A_chi2_phi045_T48,A,RUN_SUCCESS,feab48880c3c1359,d595326b76863745,f15578152b6374c1,Python 3.13.14; numpy/scipy as in CODE_FREEZE; Linux-6.1.158+-x86_64-with-glibc2.41,09_Raw_Data/production/A_chi2_phi045_T48.npz,c357faddd2d47c24,17,27,5.899668644161006e-25,6.337471067996692e-09
A_chi2_phi060_M,A,RUN_SUCCESS,feab48880c3c1359,e846bd845669d198,f15578152b6374c1,Python 3.13.14; numpy/scipy as in CODE_FREEZE; Linux-6.1.158+-x86_64-with-glibc2.41,09_Raw_Data/production/A_chi2_phi060_M.npz,4f7d6fe71871f3f6,66,27,7.849456695522661e-25,6.337471067996692e-09
A_chi2_phi060_R192,A,RUN_SUCCESS,feab48880c3c1359,9f8cc6d2eb48a1a5,f15578152b6374c1,Python 3.13.14; numpy/scipy as in CODE_FREEZE; Linux-6.1.158+-x86_64-with-glibc2.41,09_Raw_Data/production/A_chi2_phi060_R192.npz,4be70093cc3f3716,149,27,1.33598053030049e-24,6.337471067996692e-09
A_chi2_phi060_R48,A,RUN_SUCCESS,feab48880c3c1359,9b87fe23d5ea8438,f15578152b6374c1,Python 3.13.14; numpy/scipy as in CODE_FREEZE; Linux-6.1.158+-x86_64-with-glibc2.41,09_Raw_Data/production/A_chi2_phi060_R48.npz,13e1d7bc7e73967d,21,27,3.3761566830427095e-25,6.337471067996692e-09
A_chi2_phi060_T144,A,RUN_SUCCESS,feab48880c3c1359,b72bdf3b5a458421,f15578152b6374c1,Python 3.13.14; numpy/scipy as in CODE_FREEZE; Linux-6.1.158+-x86_64-with-glibc2.41,09_Raw_Data/production/A_chi2_phi060_T144.npz,dba38c1e08644ebf,124,27,7.313015269329046e-25,6.337471067996692e-09
A_chi2_phi060_T48,A,RUN_SUCCESS,feab48880c3c1359,ff007aa593b191e8,f15578152b6374c1,Python 3.13.14; numpy/scipy as in CODE_FREEZE; Linux-6.1.158+-x86_64-with-glibc2.41,09_Raw_Data/production/A_chi2_phi060_T48.npz,50711221014d6896,17,27,8.892066357377054e-25,6.337471067996692e-09
A_chi2_phi075_M,A,RUN_SUCCESS,feab48880c3c1359,2ddf0dd0c870b2e3,f15578152b6374c1,Python 3.13.14; numpy/scipy as in CODE_FREEZE; Linux-6.1.158+-x86_64-with-glibc2.41,09_Raw_Data/production/A_chi2_phi075_M.npz,f94c9491680f13d1,65,27,6.422809577784913e-25,6.337471067996692e-09
A_chi2_phi075_R48,A,RUN_SUCCESS,feab48880c3c1359,67d4b9d94ea92919,f15578152b6374c1,Python 3.13.14; numpy/scipy as in CODE_FREEZE; Linux-6.1.158+-x86_64-with-glibc2.41,09_Raw_Data/production/A_chi2_phi075_R48.npz,7146b43f1a8a56e9,22,27,3.73450685307425e-25,6.337471067996692e-09
A_chi2_phi075_T48,A,RUN_SUCCESS,feab48880c3c1359,e2410755436de526,f15578152b6374c1,Python 3.13.14; numpy/scipy as in CODE_FREEZE; Linux-6.1.158+-x86_64-with-glibc2.41,09_Raw_Data/production/A_chi2_phi075_T48.npz,82cc8378df46025a,18,27,7.505434516045922e-25,6.337471067996692e-09
A_chi2_phi090_M,A,RUN_SUCCESS,feab48880c3c1359,b58d7c063268e068,f15578152b6374c1,Python 3.13.14; numpy/scipy as in CODE_FREEZE; Linux-6.1.158+-x86_64-with-glibc2.41,09_Raw_Data/production/A_chi2_phi090_M.npz,b387ddd2bfe15696,67,27,6.975581044570758e-25,6.337471067996692e-09
A_chi2_phi090_R192,A,RUN_SUCCESS,feab48880c3c1359,266c60091f26aafd,f15578152b6374c1,Python 3.13.14; numpy/scipy as in CODE_FREEZE; Linux-6.1.158+-x86_64-with-glibc2.41,09_Raw_Data/production/A_chi2_phi090_R192.npz,8a58cb4ee4d73a9b,156,27,1.8742822425725982e-24,6.337471067996692e-09
A_chi2_phi090_R48,A,RUN_SUCCESS,feab48880c3c1359,60deb5510d84bb5d,f15578152b6374c1,Python 3.13.14; numpy/scipy as in CODE_FREEZE; Linux-6.1.158+-x86_64-with-glibc2.41,09_Raw_Data/production/A_chi2_phi090_R48.npz,2d8b75d3650f016f,22,27,3.3153645616415184e-25,6.337471067996692e-09
A_chi2_phi090_T144,A,RUN_SUCCESS,feab48880c3c1359,4149c8b18aee510c,f15578152b6374c1,Python 3.13.14; numpy/scipy as in CODE_FREEZE; Linux-6.1.158+-x86_64-with-glibc2.41,09_Raw_Data/production/A_chi2_phi090_T144.npz,82396d704ac5f061,124,27,7.406267805639147e-25,6.337471067996692e-09
A_chi2_phi090_T48,A,RUN_SUCCESS,feab48880c3c1359,2a1b09776f75d23e,f15578152b6374c1,Python 3.13.14; numpy/scipy as in CODE_FREEZE; Linux-6.1.158+-x86_64-with-glibc2.41,09_Raw_Data/production/A_chi2_phi090_T48.npz,d8a81ae7312eb024,17,27,8.567387374472107e-25,6.337471067996692e-09
A_chi2_phi105_M,A,RUN_SUCCESS,feab48880c3c1359,c25c3e26457276a7,f15578152b6374c1,Python 3.13.14; numpy/scipy as in CODE_FREEZE; Linux-6.1.158+-x86_64-with-glibc2.41,09_Raw_Data/production/A_chi2_phi105_M.npz,d79fb706945ca256,67,27,7.296919494087129e-25,6.337471067996692e-09
A_chi2_phi105_R48,A,RUN_SUCCESS,feab48880c3c1359,29e67b9beaeed476,f15578152b6374c1,Python 3.13.14; numpy/scipy as in CODE_FREEZE; Linux-6.1.158+-x86_64-with-glibc2.41,09_Raw_Data/production/A_chi2_phi105_R48.npz,40b583d53e04f725,21,27,3.585447097105473e-25,6.337471067996692e-09
A_chi2_phi105_T48,A,RUN_SUCCESS,feab48880c3c1359,c673ea362653a1c1,f15578152b6374c1,Python 3.13.14; numpy/scipy as in CODE_FREEZE; Linux-6.1.158+-x86_64-with-glibc2.41,09_Raw_Data/production/A_chi2_phi105_T48.npz,a3cecc8aeff4efbf,17,27,7.618076889605788e-25,6.337471067996692e-09
A_chi2_phi120_M,A,RUN_SUCCESS,feab48880c3c1359,ebce403096011986,f15578152b6374c1,Python 3.13.14; numpy/scipy as in CODE_FREEZE; Linux-6.1.158+-x86_64-with-glibc2.41,09_Raw_Data/production/A_chi2_phi120_M.npz,0def4b92e7373b2b,68,27,7.707273601618814e-25,6.337471067996692e-09
A_chi2_phi120_R192,A,RUN_SUCCESS,feab48880c3c1359,91924c56a917ff07,f15578152b6374c1,Python 3.13.14; numpy/scipy as in CODE_FREEZE; Linux-6.1.158+-x86_64-with-glibc2.41,09_Raw_Data/production/A_chi2_phi120_R192.npz,7df8100fd8569e3e,151,27,1.6577740913069396e-24,6.337471067996692e-09
A_chi2_phi120_R48,A,RUN_SUCCESS,feab48880c3c1359,557c64177ab4c19e,f15578152b6374c1,Python 3.13.14; numpy/scipy as in CODE_FREEZE; Linux-6.1.158+-x86_64-with-glibc2.41,09_Raw_Data/production/A_chi2_phi120_R48.npz,04d78a94617c1234,21,27,3.767593035090929e-25,6.337471067996692e-09
A_chi2_phi120_T144,A,RUN_SUCCESS,feab48880c3c1359,7612d4b95fa34149,f15578152b6374c1,Python 3.13.14; numpy/scipy as in CODE_FREEZE; Linux-6.1.158+-x86_64-with-glibc2.41,09_Raw_Data/production/A_chi2_phi120_T144.npz,63e06004b1a5319f,121,27,6.839982924988084e-25,6.337471067996692e-09
A_chi2_phi120_T48,A,RUN_SUCCESS,feab48880c3c1359,4a4adaebbeac8cc4,f15578152b6374c1,Python 3.13.14; numpy/scipy as in CODE_FREEZE; Linux-6.1.158+-x86_64-with-glibc2.41,09_Raw_Data/production/A_chi2_phi120_T48.npz,79cd813d08cc68f7,17,27,6.8676150715467855e-25,6.337471067996692e-09
A_chi2_phi135_M,A,RUN_SUCCESS,feab48880c3c1359,52184b5a0a08faaf,f15578152b6374c1,Python 3.13.14; numpy/scipy as in CODE_FREEZE; Linux-6.1.158+-x86_64-with-glibc2.41,09_Raw_Data/production/A_chi2_phi135_M.npz,8595e733453ac1d1,67,27,8.659002474598813e-25,6.337471067996692e-09
A_chi2_phi135_R48,A,RUN_SUCCESS,feab48880c3c1359,a4f593a6574f56c2,f15578152b6374c1,Python 3.13.14; numpy/scipy as in CODE_FREEZE; Linux-6.1.158+-x86_64-with-glibc2.41,09_Raw_Data/production/A_chi2_phi135_R48.npz,4ebc2c5dadf1817e,21,27,3.6757511287562073e-25,6.337471067996692e-09
A_chi2_phi135_T48,A,RUN_SUCCESS,feab48880c3c1359,b5e4c8034fb8260a,f15578152b6374c1,Python 3.13.14; numpy/scipy as in CODE_FREEZE; Linux-6.1.158+-x86_64-with-glibc2.41,09_Raw_Data/production/A_chi2_phi135_T48.npz,fc82537674d79bbf,17,27,7.0016406189037885e-25,6.337471067996692e-09
A_chi2_phi150_M,A,RUN_SUCCESS,feab48880c3c1359,2cf4429a9c392877,f15578152b6374c1,Python 3.13.14; numpy/scipy as in CODE_FREEZE; Linux-6.1.158+-x86_64-with-glibc2.41,09_Raw_Data/production/A_chi2_phi150_M.npz,bdb534359fa35c8d,67,27,5.779275151238694e-25,6.337471067996692e-09
A_chi2_phi150_R192,A,RUN_SUCCESS,feab48880c3c1359,ec08c5f68af45a38,f15578152b6374c1,Python 3.13.14; numpy/scipy as in CODE_FREEZE; Linux-6.1.158+-x86_64-with-glibc2.41,09_Raw_Data/production/A_chi2_phi150_R192.npz,ea3285ff20489378,159,27,2.4111861558107276e-24,6.337471067996692e-09
A_chi2_phi150_R48,A,RUN_SUCCESS,feab48880c3c1359,e27a382c22e41ce5,f15578152b6374c1,Python 3.13.14; numpy/scipy as in CODE_FREEZE; Linux-6.1.158+-x86_64-with-glibc2.41,09_Raw_Data/production/A_chi2_phi150_R48.npz,f9baf90e0dea8bb3,21,27,3.533840737991356e-25,6.337471067996692e-09
A_chi2_phi150_T144,A,RUN_SUCCESS,feab48880c3c1359,e14051d134e683e6,f15578152b6374c1,Python 3.13.14; numpy/scipy as in CODE_FREEZE; Linux-6.1.158+-x86_64-with-glibc2.41,09_Raw_Data/production/A_chi2_phi150_T144.npz,2ed40a7fb9c87a20,122,27,7.169825183899212e-25,6.337471067996692e-09
A_chi2_phi150_T48,A,RUN_SUCCESS,feab48880c3c1359,ccd23588858384ee,f15578152b6374c1,Python 3.13.14; numpy/scipy as in CODE_FREEZE; Linux-6.1.158+-x86_64-with-glibc2.41,09_Raw_Data/production/A_chi2_phi150_T48.npz,7e2efca20310182a,17,27,7.753581633560335e-25,6.337471067996692e-09
A_chi2_phi165_M,A,RUN_SUCCESS,feab48880c3c1359,830f8f5870cfe2fb,f15578152b6374c1,Python 3.13.14; numpy/scipy as in CODE_FREEZE; Linux-6.1.158+-x86_64-with-glibc2.41,09_Raw_Data/production/A_chi2_phi165_M.npz,6e44a4f690fe71d2,67,27,7.253262774329354e-25,6.337471067996692e-09
A_chi2_phi165_R48,A,RUN_SUCCESS,feab48880c3c1359,039282564f5f2470,f15578152b6374c1,Python 3.13.14; numpy/scipy as in CODE_FREEZE; Linux-6.1.158+-x86_64-with-glibc2.41,09_Raw_Data/production/A_chi2_phi165_R48.npz,e8b0546667ec4162,20,27,4.554993517984739e-25,6.337471067996692e-09
A_chi2_phi165_T48,A,RUN_SUCCESS,feab48880c3c1359,6108158135038fb6,f15578152b6374c1,Python 3.13.14; numpy/scipy as in CODE_FREEZE; Linux-6.1.158+-x86_64-with-glibc2.41,09_Raw_Data/production/A_chi2_phi165_T48.npz,87e4635c149ecfdb,17,27,6.159181512224543e-25,6.337471067996692e-09
B2QS_CV_L0.05_a10,B2QS,RUN_SUCCESS,feab48880c3c1359,e62b8ac7a33b3f1c,f15578152b6374c1,Python 3.13.14; numpy/scipy as in CODE_FREEZE; Linux-6.1.158+-x86_64-with-glibc2.41,09_Raw_Data/production/B2QS_CV_L0.05_a10.npz,602b205eeab6325e,17,27,6.417903707354189e-25,6.337471067996692e-09
B2QS_CV_L0.2_a10,B2QS,RUN_SUCCESS,feab48880c3c1359,0ffc81eead025c59,f15578152b6374c1,Python 3.13.14; numpy/scipy as in CODE_FREEZE; Linux-6.1.158+-x86_64-with-glibc2.41,09_Raw_Data/production/B2QS_CV_L0.2_a10.npz,41b1dded49ad2692,18,27,6.362078492054251e-25,6.337471067996692e-09
B2QS_CV_L0.8_a10,B2QS,RUN_SUCCESS,feab48880c3c1359,cd72764b9a8ed938,f15578152b6374c1,Python 3.13.14; numpy/scipy as in CODE_FREEZE; Linux-6.1.158+-x86_64-with-glibc2.41,09_Raw_Data/production/B2QS_CV_L0.8_a10.npz,05683b7e74ec2825,18,27,3.8495942858134377e-25,6.337471067996692e-09
B2QS_CV_L3.2_a10,B2QS,RUN_SUCCESS,feab48880c3c1359,06ac9b7e001da72e,f15578152b6374c1,Python 3.13.14; numpy/scipy as in CODE_FREEZE; Linux-6.1.158+-x86_64-with-glibc2.41,09_Raw_Data/production/B2QS_CV_L3.2_a10.npz,187a22f51a95a3d1,18,27,1.8831531133356795e-25,6.337471067996692e-09
B2_CV_L0.05_a10,B2,RUN_SUCCESS,feab48880c3c1359,bc3b017379940004,f15578152b6374c1,Python 3.13.14; numpy/scipy as in CODE_FREEZE; Linux-6.1.158+-x86_64-with-glibc2.41,09_Raw_Data/production/B2_CV_L0.05_a10.npz,36c26e749c4e76f4,18,27,8.705379838032856e-25,6.337471067996692e-09
B2_CV_L0.05_a20,B2,RUN_SUCCESS,feab48880c3c1359,e965c50c233797e1,f15578152b6374c1,Python 3.13.14; numpy/scipy as in CODE_FREEZE; Linux-6.1.158+-x86_64-with-glibc2.41,09_Raw_Data/production/B2_CV_L0.05_a20.npz,0a0d1598f28226cb,18,27,1.2055965644801208e-24,6.337471067996692e-09
B2_CV_L0.05_a5,B2,RUN_SUCCESS,feab48880c3c1359,19c5734b304b38a9,f15578152b6374c1,Python 3.13.14; numpy/scipy as in CODE_FREEZE; Linux-6.1.158+-x86_64-with-glibc2.41,09_Raw_Data/production/B2_CV_L0.05_a5.npz,b5156dc6dc8a6974,18,27,2.6543000250900404e-25,6.337471067996692e-09
B2_CV_L0.2_a10,B2,RUN_SUCCESS,feab48880c3c1359,4bd06ce3223db913,f15578152b6374c1,Python 3.13.14; numpy/scipy as in CODE_FREEZE; Linux-6.1.158+-x86_64-with-glibc2.41,09_Raw_Data/production/B2_CV_L0.2_a10.npz,70b962077a079f83,18,27,5.561884685875414e-25,6.337471067996692e-09
B2_CV_L0.2_a20,B2,RUN_SUCCESS,feab48880c3c1359,99dc503a987b5847,f15578152b6374c1,Python 3.13.14; numpy/scipy as in CODE_FREEZE; Linux-6.1.158+-x86_64-with-glibc2.41,09_Raw_Data/production/B2_CV_L0.2_a20.npz,c7e5b6ec754fa4f3,18,27,1.3958779757937445e-24,6.337471067996692e-09
B2_CV_L0.2_a5,B2,RUN_SUCCESS,feab48880c3c1359,1bb80250d1116642,f15578152b6374c1,Python 3.13.14; numpy/scipy as in CODE_FREEZE; Linux-6.1.158+-x86_64-with-glibc2.41,09_Raw_Data/production/B2_CV_L0.2_a5.npz,15092709b3e43b2f,19,27,3.306029481227649e-25,6.337471067996692e-09
B2_CV_L0.8_a10,B2,RUN_SUCCESS,feab48880c3c1359,b1aeb12b098df5af,f15578152b6374c1,Python 3.13.14; numpy/scipy as in CODE_FREEZE; Linux-6.1.158+-x86_64-with-glibc2.41,09_Raw_Data/production/B2_CV_L0.8_a10.npz,8d777d65308a9500,18,27,3.9369815470024806e-25,6.337471067996692e-09
B2_CV_L0.8_a20,B2,RUN_SUCCESS,feab48880c3c1359,3700ab1a6a78b726,f15578152b6374c1,Python 3.13.14; numpy/scipy as in CODE_FREEZE; Linux-6.1.158+-x86_64-with-glibc2.41,09_Raw_Data/production/B2_CV_L0.8_a20.npz,e04d5f3aa62dacf8,17,27,8.447626503014877e-25,6.337471067996692e-09
B2_CV_L0.8_a5,B2,RUN_SUCCESS,feab48880c3c1359,98b716101873be64,f15578152b6374c1,Python 3.13.14; numpy/scipy as in CODE_FREEZE; Linux-6.1.158+-x86_64-with-glibc2.41,09_Raw_Data/production/B2_CV_L0.8_a5.npz,0fb09802063b7c9f,18,27,2.5557531006667726e-25,6.337471067996692e-09
B2_CV_L3.2_a10,B2,RUN_SUCCESS,feab48880c3c1359,eb21c1cb0daa5e43,f15578152b6374c1,Python 3.13.14; numpy/scipy as in CODE_FREEZE; Linux-6.1.158+-x86_64-with-glibc2.41,09_Raw_Data/production/B2_CV_L3.2_a10.npz,c886c5f8da2ca36f,18,27,1.4908721062419745e-25,6.337471067996692e-09
B2_CV_L3.2_a20,B2,RUN_SUCCESS,feab48880c3c1359,713a681fb027dcde,f15578152b6374c1,Python 3.13.14; numpy/scipy as in CODE_FREEZE; Linux-6.1.158+-x86_64-with-glibc2.41,09_Raw_Data/production/B2_CV_L3.2_a20.npz,ef53088406b0a007,19,27,4.0724516236755887e-25,6.337471067996692e-09
B2_CV_L3.2_a5,B2,RUN_SUCCESS,feab48880c3c1359,08b9d97476d2c749,f15578152b6374c1,Python 3.13.14; numpy/scipy as in CODE_FREEZE; Linux-6.1.158+-x86_64-with-glibc2.41,09_Raw_Data/production/B2_CV_L3.2_a5.npz,bbab669fcd4e4016,18,27,9.158447981061458e-26,6.337471067996692e-09
B2_F_a20,B2,RUN_SUCCESS,feab48880c3c1359,63534310579b7111,f15578152b6374c1,Python 3.13.14; numpy/scipy as in CODE_FREEZE; Linux-6.1.158+-x86_64-with-glibc2.41,09_Raw_Data/production/B2_F_a20.npz,cf0c970ec839c82c,18,27,1.3213155017573131e-24,6.337471067996692e-09
B2_F_a5,B2,RUN_SUCCESS,feab48880c3c1359,89e6e093130552ef,f15578152b6374c1,Python 3.13.14; numpy/scipy as in CODE_FREEZE; Linux-6.1.158+-x86_64-with-glibc2.41,09_Raw_Data/production/B2_F_a5.npz,17d16f7927f87d71,18,27,3.1633457618941293e-25,6.337471067996692e-09
BM_CV_tau20_a20,BM,RUN_SUCCESS,feab48880c3c1359,d372b716f9625844,f15578152b6374c1,Python 3.13.14; numpy/scipy as in CODE_FREEZE; Linux-6.1.158+-x86_64-with-glibc2.41,09_Raw_Data/production/BM_CV_tau20_a20.npz,65d75be8cfa2dbe9,66,27,1.012568530819688e-24,6.337471067996692e-09
BM_CV_tau5_a10,BM,RUN_SUCCESS,feab48880c3c1359,a6c4b0a9ed4a23d8,f15578152b6374c1,Python 3.13.14; numpy/scipy as in CODE_FREEZE; Linux-6.1.158+-x86_64-with-glibc2.41,09_Raw_Data/production/BM_CV_tau5_a10.npz,d0a4436f6a60b5f4,64,27,6.219003239048225e-25,6.337471067996692e-09
BM_F_tau0_a20,BM,RUN_SUCCESS,feab48880c3c1359,c08bdc28237990db,f15578152b6374c1,Python 3.13.14; numpy/scipy as in CODE_FREEZE; Linux-6.1.158+-x86_64-with-glibc2.41,09_Raw_Data/production/BM_F_tau0_a20.npz,e0132e2869854623,66,27,1.36483710073802e-24,6.337471067996692e-09
B_CV_tau1_a10,B,RUN_SUCCESS,feab48880c3c1359,5671d9baa6e0122f,f15578152b6374c1,Python 3.13.14; numpy/scipy as in CODE_FREEZE; Linux-6.1.158+-x86_64-with-glibc2.41,09_Raw_Data/production/B_CV_tau1_a10.npz,99f28e4d84185cab,17,27,7.252480665702768e-25,6.337471067996692e-09
B_CV_tau1_a10_QS,BQS,RUN_SUCCESS,feab48880c3c1359,652e9a3ac5c645a7,f15578152b6374c1,Python 3.13.14; numpy/scipy as in CODE_FREEZE; Linux-6.1.158+-x86_64-with-glibc2.41,09_Raw_Data/production/B_CV_tau1_a10_QS.npz,fed7fcfd98d59ce9,17,27,5.762028026717883e-25,6.337471067996692e-09
B_CV_tau20_a10,B,RUN_SUCCESS,feab48880c3c1359,4bdef95d02bcda0a,f15578152b6374c1,Python 3.13.14; numpy/scipy as in CODE_FREEZE; Linux-6.1.158+-x86_64-with-glibc2.41,09_Raw_Data/production/B_CV_tau20_a10.npz,f3db3156e73e5d39,19,27,4.222012313350157e-25,6.337471067996692e-09
B_CV_tau20_a10_QS,BQS,RUN_SUCCESS,feab48880c3c1359,06bb670d5dbcec44,f15578152b6374c1,Python 3.13.14; numpy/scipy as in CODE_FREEZE; Linux-6.1.158+-x86_64-with-glibc2.41,09_Raw_Data/production/B_CV_tau20_a10_QS.npz,9e081be6cc9e701c,17,27,4.196199288348423e-25,6.337471067996692e-09
B_CV_tau20_a20,B,RUN_SUCCESS,feab48880c3c1359,e886ed20c40d233f,f15578152b6374c1,Python 3.13.14; numpy/scipy as in CODE_FREEZE; Linux-6.1.158+-x86_64-with-glibc2.41,09_Raw_Data/production/B_CV_tau20_a20.npz,de02a54a42c8b039,18,27,1.642329402085556e-24,6.337471067996692e-09
B_CV_tau20_a20_QS,BQS,RUN_SUCCESS,feab48880c3c1359,47b0af19c54745b3,f15578152b6374c1,Python 3.13.14; numpy/scipy as in CODE_FREEZE; Linux-6.1.158+-x86_64-with-glibc2.41,09_Raw_Data/production/B_CV_tau20_a20_QS.npz,654fd77bc64a4bbc,18,27,1.2085182364015807e-24,6.337471067996692e-09
B_CV_tau20_a5,B,RUN_SUCCESS,feab48880c3c1359,997ffee4db12df48,f15578152b6374c1,Python 3.13.14; numpy/scipy as in CODE_FREEZE; Linux-6.1.158+-x86_64-with-glibc2.41,09_Raw_Data/production/B_CV_tau20_a5.npz,0e20c0245270f91e,18,27,1.0936408107629002e-25,6.337471067996692e-09
B_CV_tau20_a50,B,RUN_SUCCESS,feab48880c3c1359,86cd06e152909cd5,f15578152b6374c1,Python 3.13.14; numpy/scipy as in CODE_FREEZE; Linux-6.1.158+-x86_64-with-glibc2.41,09_Raw_Data/production/B_CV_tau20_a50.npz,b3ff9f062c85961f,18,27,3.280247333028336e-24,6.337471067996692e-09
B_CV_tau20_a50_QS,BQS,RUN_SUCCESS,feab48880c3c1359,0e7b956305203bc7,f15578152b6374c1,Python 3.13.14; numpy/scipy as in CODE_FREEZE; Linux-6.1.158+-x86_64-with-glibc2.41,09_Raw_Data/production/B_CV_tau20_a50_QS.npz,a100a326b4f3b8d0,17,27,4.11857751082052e-24,6.337471067996692e-09
B_CV_tau20_a5_QS,BQS,RUN_SUCCESS,feab48880c3c1359,18ab850c5c1b8647,f15578152b6374c1,Python 3.13.14; numpy/scipy as in CODE_FREEZE; Linux-6.1.158+-x86_64-with-glibc2.41,09_Raw_Data/production/B_CV_tau20_a5_QS.npz,633c18d4f4a9b620,18,27,9.059584299663447e-26,6.337471067996692e-09
B_CV_tau5_a10,B,RUN_SUCCESS,feab48880c3c1359,6012c2fcfc91cc52,f15578152b6374c1,Python 3.13.14; numpy/scipy as in CODE_FREEZE; Linux-6.1.158+-x86_64-with-glibc2.41,09_Raw_Data/production/B_CV_tau5_a10.npz,39ba8518da73b0f2,18,27,6.292395752774344e-25,6.337471067996692e-09
B_CV_tau5_a10_QS,BQS,RUN_SUCCESS,feab48880c3c1359,3b8bd4cb27d32122,f15578152b6374c1,Python 3.13.14; numpy/scipy as in CODE_FREEZE; Linux-6.1.158+-x86_64-with-glibc2.41,09_Raw_Data/production/B_CV_tau5_a10_QS.npz,8e88b6dd22250806,18,27,6.0425911831695e-25,6.337471067996692e-09
B_F_tau0_a10_QS,BQS,RUN_SUCCESS,feab48880c3c1359,310a45905785d9c7,f15578152b6374c1,Python 3.13.14; numpy/scipy as in CODE_FREEZE; Linux-6.1.158+-x86_64-with-glibc2.41,09_Raw_Data/production/B_F_tau0_a10_QS.npz,ab2eadec48da8374,18,27,6.0225821974351035e-25,6.337471067996692e-09
B_F_tau0_a20,B,RUN_SUCCESS,feab48880c3c1359,63534310579b7111,f15578152b6374c1,Python 3.13.14; numpy/scipy as in CODE_FREEZE; Linux-6.1.158+-x86_64-with-glibc2.41,09_Raw_Data/production/B_F_tau0_a20.npz,cf0c970ec839c82c,17,27,1.3213155017573131e-24,6.337471067996692e-09
B_F_tau0_a20_QS,BQS,RUN_SUCCESS,feab48880c3c1359,057155af79b027e7,f15578152b6374c1,Python 3.13.14; numpy/scipy as in CODE_FREEZE; Linux-6.1.158+-x86_64-with-glibc2.41,09_Raw_Data/production/B_F_tau0_a20_QS.npz,2c7c3e6fd4447e69,18,27,1.2045164392301148e-24,6.337471067996692e-09
B_F_tau0_a5,B,RUN_SUCCESS,feab48880c3c1359,89e6e093130552ef,f15578152b6374c1,Python 3.13.14; numpy/scipy as in CODE_FREEZE; Linux-6.1.158+-x86_64-with-glibc2.41,09_Raw_Data/production/B_F_tau0_a5.npz,17d16f7927f87d71,17,27,3.1633457618941293e-25,6.337471067996692e-09
B_F_tau0_a50,B,RUN_SUCCESS,feab48880c3c1359,7dce42a1927d5ecf,f15578152b6374c1,Python 3.13.14; numpy/scipy as in CODE_FREEZE; Linux-6.1.158+-x86_64-with-glibc2.41,09_Raw_Data/production/B_F_tau0_a50.npz,5147c477ae4005d0,18,27,3.5847074763721455e-24,6.337471067996692e-09
B_F_tau0_a50_QS,BQS,RUN_SUCCESS,feab48880c3c1359,0ba75d8e838efff7,f15578152b6374c1,Python 3.13.14; numpy/scipy as in CODE_FREEZE; Linux-6.1.158+-x86_64-with-glibc2.41,09_Raw_Data/production/B_F_tau0_a50_QS.npz,4e999258a3bf7f5c,18,27,3.465321555586658e-24,6.337471067996692e-09
B_F_tau0_a5_QS,BQS,RUN_SUCCESS,feab48880c3c1359,0a5affc6aa4eacb8,f15578152b6374c1,Python 3.13.14; numpy/scipy as in CODE_FREEZE; Linux-6.1.158+-x86_64-with-glibc2.41,09_Raw_Data/production/B_F_tau0_a5_QS.npz,a26e801f650ca8dd,17,27,3.0112910990386844e-25,6.337471067996692e-09
B_MCV3_tau20_a10,B,RUN_SUCCESS,feab48880c3c1359,9853d3011aa9042e,f15578152b6374c1,Python 3.13.14; numpy/scipy as in CODE_FREEZE; Linux-6.1.158+-x86_64-with-glibc2.41,09_Raw_Data/production/B_MCV3_tau20_a10.npz,8d97d7d36671bfdf,17,27,3.960494452280581e-25,6.337471067996692e-09
B_MCV3_tau20_a10_QS,BQS,RUN_SUCCESS,feab48880c3c1359,856f92cb908ffd2c,f15578152b6374c1,Python 3.13.14; numpy/scipy as in CODE_FREEZE; Linux-6.1.158+-x86_64-with-glibc2.41,09_Raw_Data/production/B_MCV3_tau20_a10_QS.npz,1e28a2a82a074d1b,18,27,3.165500032018449e-25,6.337471067996692e-09
B_MCV3_tau5_a10,B,RUN_SUCCESS,feab48880c3c1359,756e418785c11a9a,f15578152b6374c1,Python 3.13.14; numpy/scipy as in CODE_FREEZE; Linux-6.1.158+-x86_64-with-glibc2.41,09_Raw_Data/production/B_MCV3_tau5_a10.npz,dcfbfc6352b98226,17,27,5.78030553465456e-25,6.337471067996692e-09
B_MCV3_tau5_a10_QS,BQS,RUN_SUCCESS,feab48880c3c1359,73f84df10c1b26ea,f15578152b6374c1,Python 3.13.14; numpy/scipy as in CODE_FREEZE; Linux-6.1.158+-x86_64-with-glibc2.41,09_Raw_Data/production/B_MCV3_tau5_a10_QS.npz,34dfb3c076a367a5,18,27,5.654701793171571e-25,6.337471067996692e-09
C_CV_tau20_a10_coupling_off,C,RUN_SUCCESS,feab48880c3c1359,4ff8418cdbefe401,f15578152b6374c1,Python 3.13.14; numpy/scipy as in CODE_FREEZE; Linux-6.1.158+-x86_64-with-glibc2.41,09_Raw_Data/production/C_CV_tau20_a10_coupling_off.npz,4d1481e1949c2718,12,27,7.226266702964897e-17,6.337471067996692e-09
D_iso_circle_T48,D,RUN_SUCCESS,feab48880c3c1359,55ab5233203dddf6,f15578152b6374c1,Python 3.13.14; numpy/scipy as in CODE_FREEZE; Linux-6.1.158+-x86_64-with-glibc2.41,09_Raw_Data/production/D_iso_circle_T48.npz,dcb1c73be4be8f71,21,27,6.200310366647481e-25,6.337471067996692e-09
D_iso_ellipse_M,D,RUN_SUCCESS,feab48880c3c1359,a2490aee4dd78f6b,f15578152b6374c1,Python 3.13.14; numpy/scipy as in CODE_FREEZE; Linux-6.1.158+-x86_64-with-glibc2.41,09_Raw_Data/production/D_iso_ellipse_M.npz,441f7ecefcbc17f6,74,27,7.170041277649553e-25,6.337471067996692e-09
D_iso_ellipse_R192,D,RUN_SUCCESS,feab48880c3c1359,3a733deb08081440,f15578152b6374c1,Python 3.13.14; numpy/scipy as in CODE_FREEZE; Linux-6.1.158+-x86_64-with-glibc2.41,09_Raw_Data/production/D_iso_ellipse_R192.npz,f5d43e9dc5b09d63,149,27,1.3707542909875811e-24,6.337471067996692e-09
D_iso_ellipse_R48,D,RUN_SUCCESS,feab48880c3c1359,17ae48362407ca2f,f15578152b6374c1,Python 3.13.14; numpy/scipy as in CODE_FREEZE; Linux-6.1.158+-x86_64-with-glibc2.41,09_Raw_Data/production/D_iso_ellipse_R48.npz,8c75e47e62ec11a1,24,27,3.730382350845049e-25,6.337471067996692e-09
E1_alpha_cheng298_phi000,E,RUN_SUCCESS,feab48880c3c1359,90943727372b676d,f15578152b6374c1,Python 3.13.14; numpy/scipy as in CODE_FREEZE; Linux-6.1.158+-x86_64-with-glibc2.41,09_Raw_Data/production/E1_alpha_cheng298_phi000.npz,b0e601cf398aff59,17,27,1.1679822906518082e-23,6.337471067996692e-09
E1_alpha_cheng298_phi030,E,RUN_SUCCESS,feab48880c3c1359,96d91020ae60e5ba,f15578152b6374c1,Python 3.13.14; numpy/scipy as in CODE_FREEZE; Linux-6.1.158+-x86_64-with-glibc2.41,09_Raw_Data/production/E1_alpha_cheng298_phi030.npz,c3095fede4ac4b4f,18,27,8.72704684258709e-24,6.337471067996692e-09
E1_alpha_cheng298_phi060,E,RUN_SUCCESS,feab48880c3c1359,8cb724f79dcf0013,f15578152b6374c1,Python 3.13.14; numpy/scipy as in CODE_FREEZE; Linux-6.1.158+-x86_64-with-glibc2.41,09_Raw_Data/production/E1_alpha_cheng298_phi060.npz,90c6330e98331260,18,27,9.065527232636716e-24,6.337471067996692e-09
E1_alpha_cheng298_phi090,E,RUN_SUCCESS,feab48880c3c1359,4ae41fa3c94ea66b,f15578152b6374c1,Python 3.13.14; numpy/scipy as in CODE_FREEZE; Linux-6.1.158+-x86_64-with-glibc2.41,09_Raw_Data/production/E1_alpha_cheng298_phi090.npz,6d6273a1036e898d,18,27,9.664824241412034e-24,6.337471067996692e-09
E1_alpha_cheng298_phi120,E,RUN_SUCCESS,feab48880c3c1359,f4cec0ef6e80439c,f15578152b6374c1,Python 3.13.14; numpy/scipy as in CODE_FREEZE; Linux-6.1.158+-x86_64-with-glibc2.41,09_Raw_Data/production/E1_alpha_cheng298_phi120.npz,c9db754325c61661,18,27,1.0880315494740674e-23,6.337471067996692e-09
E1_alpha_cheng298_phi150,E,RUN_SUCCESS,feab48880c3c1359,abc6390e63ad16fe,f15578152b6374c1,Python 3.13.14; numpy/scipy as in CODE_FREEZE; Linux-6.1.158+-x86_64-with-glibc2.41,09_Raw_Data/production/E1_alpha_cheng298_phi150.npz,2d9460f4b65f6da3,20,27,9.203416629965348e-24,6.337471067996692e-09
E2_alpha_iso_phi000,E,RUN_SUCCESS,feab48880c3c1359,5e0e943d9c105019,f15578152b6374c1,Python 3.13.14; numpy/scipy as in CODE_FREEZE; Linux-6.1.158+-x86_64-with-glibc2.41,09_Raw_Data/production/E2_alpha_iso_phi000.npz,1f0ddb2b6f7626bf,20,27,6.560530564429625e-25,6.337471067996692e-09
E2_alpha_iso_phi030,E,RUN_SUCCESS,feab48880c3c1359,f71788a8b2f48ba2,f15578152b6374c1,Python 3.13.14; numpy/scipy as in CODE_FREEZE; Linux-6.1.158+-x86_64-with-glibc2.41,09_Raw_Data/production/E2_alpha_iso_phi030.npz,9e548eb2089b1962,19,27,6.225439878571737e-25,6.337471067996692e-09
E2_alpha_iso_phi060,E,RUN_SUCCESS,feab48880c3c1359,41c7b76e6dca500f,f15578152b6374c1,Python 3.13.14; numpy/scipy as in CODE_FREEZE; Linux-6.1.158+-x86_64-with-glibc2.41,09_Raw_Data/production/E2_alpha_iso_phi060.npz,a1f80eaf19f9fc6f,17,27,6.413928691979463e-25,6.337471067996692e-09
E2_alpha_iso_phi090,E,RUN_SUCCESS,feab48880c3c1359,9b814d0aa90aaf81,f15578152b6374c1,Python 3.13.14; numpy/scipy as in CODE_FREEZE; Linux-6.1.158+-x86_64-with-glibc2.41,09_Raw_Data/production/E2_alpha_iso_phi090.npz,45f663de88d1647f,18,27,6.528767565354546e-25,6.337471067996692e-09
E2_alpha_iso_phi120,E,RUN_SUCCESS,feab48880c3c1359,44deba8fccab3572,f15578152b6374c1,Python 3.13.14; numpy/scipy as in CODE_FREEZE; Linux-6.1.158+-x86_64-with-glibc2.41,09_Raw_Data/production/E2_alpha_iso_phi120.npz,8f3625dec70740f6,18,27,6.494779195116172e-25,6.337471067996692e-09
E2_alpha_iso_phi150,E,RUN_SUCCESS,feab48880c3c1359,f551fea81bbf64a0,f15578152b6374c1,Python 3.13.14; numpy/scipy as in CODE_FREEZE; Linux-6.1.158+-x86_64-with-glibc2.41,09_Raw_Data/production/E2_alpha_iso_phi150.npz,43239edaa49e624c,20,27,6.274965534756927e-25,6.337471067996692e-09
E3_K_iso_phi000,E,RUN_SUCCESS,feab48880c3c1359,9c0ecd7b192d08da,f15578152b6374c1,Python 3.13.14; numpy/scipy as in CODE_FREEZE; Linux-6.1.158+-x86_64-with-glibc2.41,09_Raw_Data/production/E3_K_iso_phi000.npz,cd3beada089a9c43,20,27,6.669981947140855e-25,6.337471067996692e-09
E3_K_iso_phi030,E,RUN_SUCCESS,feab48880c3c1359,2ca40807767a510f,f15578152b6374c1,Python 3.13.14; numpy/scipy as in CODE_FREEZE; Linux-6.1.158+-x86_64-with-glibc2.41,09_Raw_Data/production/E3_K_iso_phi030.npz,871df41831a82462,19,27,6.251381397590533e-25,6.337471067996692e-09
E3_K_iso_phi060,E,RUN_SUCCESS,feab48880c3c1359,67b877e9c398797e,f15578152b6374c1,Python 3.13.14; numpy/scipy as in CODE_FREEZE; Linux-6.1.158+-x86_64-with-glibc2.41,09_Raw_Data/production/E3_K_iso_phi060.npz,ce6214cfcfbfd475,19,27,6.863455479460313e-25,6.337471067996692e-09
E3_K_iso_phi090,E,RUN_SUCCESS,feab48880c3c1359,428779b82a2a8401,f15578152b6374c1,Python 3.13.14; numpy/scipy as in CODE_FREEZE; Linux-6.1.158+-x86_64-with-glibc2.41,09_Raw_Data/production/E3_K_iso_phi090.npz,4a71c2632d21642e,19,27,7.029093404898221e-25,6.337471067996692e-09
E3_K_iso_phi120,E,RUN_SUCCESS,feab48880c3c1359,af5b8242a9d451b6,f15578152b6374c1,Python 3.13.14; numpy/scipy as in CODE_FREEZE; Linux-6.1.158+-x86_64-with-glibc2.41,09_Raw_Data/production/E3_K_iso_phi120.npz,9c290dd81a19b47a,19,27,5.859123426554041e-25,6.337471067996692e-09
E3_K_iso_phi150,E,RUN_SUCCESS,feab48880c3c1359,e871dbd4ec9b7542,f15578152b6374c1,Python 3.13.14; numpy/scipy as in CODE_FREEZE; Linux-6.1.158+-x86_64-with-glibc2.41,09_Raw_Data/production/E3_K_iso_phi150.npz,5b4b7c556483353e,19,27,6.0427835461618185e-25,6.337471067996692e-09
E4_C_iso_phi000,E,RUN_SUCCESS,feab48880c3c1359,1f862b8cd81a9625,f15578152b6374c1,Python 3.13.14; numpy/scipy as in CODE_FREEZE; Linux-6.1.158+-x86_64-with-glibc2.41,09_Raw_Data/production/E4_C_iso_phi000.npz,528146240a26ae9d,22,27,6.003505437316807e-25,6.337471067996692e-09
E4_C_iso_phi030,E,RUN_SUCCESS,feab48880c3c1359,75b753e9b87322f0,f15578152b6374c1,Python 3.13.14; numpy/scipy as in CODE_FREEZE; Linux-6.1.158+-x86_64-with-glibc2.41,09_Raw_Data/production/E4_C_iso_phi030.npz,9f49ae323a2716bf,19,27,5.281949039258323e-25,6.337471067996692e-09
E4_C_iso_phi060,E,RUN_SUCCESS,feab48880c3c1359,c1d2a1e426677bba,f15578152b6374c1,Python 3.13.14; numpy/scipy as in CODE_FREEZE; Linux-6.1.158+-x86_64-with-glibc2.41,09_Raw_Data/production/E4_C_iso_phi060.npz,85b8e29e0ee6040d,20,27,6.843998803942505e-25,6.337471067996692e-09
E4_C_iso_phi090,E,RUN_SUCCESS,feab48880c3c1359,9ff483089f57e4fe,f15578152b6374c1,Python 3.13.14; numpy/scipy as in CODE_FREEZE; Linux-6.1.158+-x86_64-with-glibc2.41,09_Raw_Data/production/E4_C_iso_phi090.npz,1fae2789dbe37f06,19,27,5.853529974728048e-25,6.337471067996692e-09
E4_C_iso_phi120,E,RUN_SUCCESS,feab48880c3c1359,e5f8be2324666a10,f15578152b6374c1,Python 3.13.14; numpy/scipy as in CODE_FREEZE; Linux-6.1.158+-x86_64-with-glibc2.41,09_Raw_Data/production/E4_C_iso_phi120.npz,39133bb89a19d2c8,20,27,6.130673009551566e-25,6.337471067996692e-09
E4_C_iso_phi150,E,RUN_SUCCESS,feab48880c3c1359,821019619d14f816,f15578152b6374c1,Python 3.13.14; numpy/scipy as in CODE_FREEZE; Linux-6.1.158+-x86_64-with-glibc2.41,09_Raw_Data/production/E4_C_iso_phi150.npz,618e22cf8e6367f0,20,27,5.9427326380216895e-25,6.337471067996692e-09
F_tw0.3_circ,F,RUN_SUCCESS,9345b5d402e02f16,964e007d8c71e192,f15578152b6374c1,Python 3.13.14; numpy/scipy as in CODE_FREEZE; Linux-6.1.158+-x86_64-with-glibc2.41,09_Raw_Data/production/F_tw0.3_circ.npz,cb86f5b0b88044be,66,103,7.001362487343579e-25,7.267588090636986e-09
F_tw0.3_ell_phi090,F,RUN_SUCCESS,9345b5d402e02f16,62212b4ceea1e476,f15578152b6374c1,Python 3.13.14; numpy/scipy as in CODE_FREEZE; Linux-6.1.158+-x86_64-with-glibc2.41,09_Raw_Data/production/F_tw0.3_ell_phi090.npz,6561f2bf869d2a9d,64,103,8.567387374472107e-25,7.267588090636986e-09
F_tw0.3_ell_phi150,F,RUN_SUCCESS,9345b5d402e02f16,1dc9c4135ba48d7b,f15578152b6374c1,Python 3.13.14; numpy/scipy as in CODE_FREEZE; Linux-6.1.158+-x86_64-with-glibc2.41,09_Raw_Data/production/F_tw0.3_ell_phi150.npz,09e14e51ca0f41f6,65,103,7.753581633560335e-25,7.267588090636986e-09
F_tw0.6_circ,F,RUN_SUCCESS,9345b5d402e02f16,c8b7c8a779b11897,f15578152b6374c1,Python 3.13.14; numpy/scipy as in CODE_FREEZE; Linux-6.1.158+-x86_64-with-glibc2.41,09_Raw_Data/production/F_tw0.6_circ.npz,f77443462092f814,34,52,7.001362487343579e-25,1.501920806817458e-08
F_tw0.6_ell_phi090,F,RUN_SUCCESS,9345b5d402e02f16,adcefcf85279af78,f15578152b6374c1,Python 3.13.14; numpy/scipy as in CODE_FREEZE; Linux-6.1.158+-x86_64-with-glibc2.41,09_Raw_Data/production/F_tw0.6_ell_phi090.npz,17aadd480c38ce5e,33,52,8.567387374472107e-25,1.501920806817458e-08
F_tw0.6_ell_phi150,F,RUN_SUCCESS,9345b5d402e02f16,687763f318ffe8f2,f15578152b6374c1,Python 3.13.14; numpy/scipy as in CODE_FREEZE; Linux-6.1.158+-x86_64-with-glibc2.41,09_Raw_Data/production/F_tw0.6_ell_phi150.npz,36a8b5f02093be3b,33,52,7.753581633560335e-25,1.501920806817458e-08
F_tw2.4_circ,F,RUN_SUCCESS,9345b5d402e02f16,e156f4fbd1f467eb,f15578152b6374c1,Python 3.13.14; numpy/scipy as in CODE_FREEZE; Linux-6.1.158+-x86_64-with-glibc2.41,09_Raw_Data/production/F_tw2.4_circ.npz,f8e1347c799c9d60,11,15,7.001362487343579e-25,0.3196191972977383
F_tw2.4_ell_phi090,F,RUN_SUCCESS,9345b5d402e02f16,acad673965df2ec3,f15578152b6374c1,Python 3.13.14; numpy/scipy as in CODE_FREEZE; Linux-6.1.158+-x86_64-with-glibc2.41,09_Raw_Data/production/F_tw2.4_ell_phi090.npz,151dcc3d1e06bb3d,10,15,8.567387374472107e-25,0.3196191972977383
F_tw2.4_ell_phi150,F,RUN_SUCCESS,9345b5d402e02f16,2d9162c217e14439,f15578152b6374c1,Python 3.13.14; numpy/scipy as in CODE_FREEZE; Linux-6.1.158+-x86_64-with-glibc2.41,09_Raw_Data/production/F_tw2.4_ell_phi150.npz,68da7d08e8587226,10,15,7.753581633560335e-25,0.3196191972977383
