source_id,table,R1,R2,point,time,theta_reference_printed,reported_bc_eps,origin,transcription_check,our_result
B03,1_uniform,0.2,0.3,A,1,0.15440,1e-6,SOURCE_REPORTED_COMPUTED_TABLE — NOT_EXPERIMENT — NOT_OUR_SOLVER_RESULT,VISUALLY_CHECKED_AGAINST_SUPPLIED_PDF,NOT_RUN
B03,1_uniform,0.2,0.3,A,10,0.34789,1e-6,SOURCE_REPORTED_COMPUTED_TABLE — NOT_EXPERIMENT — NOT_OUR_SOLVER_RESULT,VISUALLY_CHECKED_AGAINST_SUPPLIED_PDF,NOT_RUN
B03,1_uniform,0.2,0.3,A,100,0.43136,1e-6,SOURCE_REPORTED_COMPUTED_TABLE — NOT_EXPERIMENT — NOT_OUR_SOLVER_RESULT,VISUALLY_CHECKED_AGAINST_SUPPLIED_PDF,NOT_RUN
B03,1_uniform,0.2,0.3,A,steady,0.60023,1e-6,SOURCE_REPORTED_COMPUTED_TABLE — NOT_EXPERIMENT — NOT_OUR_SOLVER_RESULT,VISUALLY_CHECKED_AGAINST_SUPPLIED_PDF,NOT_RUN
B03,1_uniform,0.2,0.3,B,1,0.00606,1e-6,SOURCE_REPORTED_COMPUTED_TABLE — NOT_EXPERIMENT — NOT_OUR_SOLVER_RESULT,VISUALLY_CHECKED_AGAINST_SUPPLIED_PDF,NOT_RUN
B03,1_uniform,0.2,0.3,B,10,0.06030,1e-6,SOURCE_REPORTED_COMPUTED_TABLE — NOT_EXPERIMENT — NOT_OUR_SOLVER_RESULT,VISUALLY_CHECKED_AGAINST_SUPPLIED_PDF,NOT_RUN
B03,1_uniform,0.2,0.3,B,100,0.11658,1e-6,SOURCE_REPORTED_COMPUTED_TABLE — NOT_EXPERIMENT — NOT_OUR_SOLVER_RESULT,VISUALLY_CHECKED_AGAINST_SUPPLIED_PDF,NOT_RUN
B03,1_uniform,0.2,0.3,B,steady,0.27223,1e-6,SOURCE_REPORTED_COMPUTED_TABLE — NOT_EXPERIMENT — NOT_OUR_SOLVER_RESULT,VISUALLY_CHECKED_AGAINST_SUPPLIED_PDF,NOT_RUN
B03,1_uniform,0.3,0.3,A,1,0.20006,1e-6,SOURCE_REPORTED_COMPUTED_TABLE — NOT_EXPERIMENT — NOT_OUR_SOLVER_RESULT,VISUALLY_CHECKED_AGAINST_SUPPLIED_PDF,NOT_RUN
B03,1_uniform,0.3,0.3,A,10,0.41523,1e-6,SOURCE_REPORTED_COMPUTED_TABLE — NOT_EXPERIMENT — NOT_OUR_SOLVER_RESULT,VISUALLY_CHECKED_AGAINST_SUPPLIED_PDF,NOT_RUN
B03,1_uniform,0.3,0.3,A,100,0.50605,1e-6,SOURCE_REPORTED_COMPUTED_TABLE — NOT_EXPERIMENT — NOT_OUR_SOLVER_RESULT,VISUALLY_CHECKED_AGAINST_SUPPLIED_PDF,NOT_RUN
B03,1_uniform,0.3,0.3,A,steady,0.68454,1e-6,SOURCE_REPORTED_COMPUTED_TABLE — NOT_EXPERIMENT — NOT_OUR_SOLVER_RESULT,VISUALLY_CHECKED_AGAINST_SUPPLIED_PDF,NOT_RUN
B03,1_uniform,0.3,0.3,B,1,0.00847,1e-6,SOURCE_REPORTED_COMPUTED_TABLE — NOT_EXPERIMENT — NOT_OUR_SOLVER_RESULT,VISUALLY_CHECKED_AGAINST_SUPPLIED_PDF,NOT_RUN
B03,1_uniform,0.3,0.3,B,10,0.07453,1e-6,SOURCE_REPORTED_COMPUTED_TABLE — NOT_EXPERIMENT — NOT_OUR_SOLVER_RESULT,VISUALLY_CHECKED_AGAINST_SUPPLIED_PDF,NOT_RUN
B03,1_uniform,0.3,0.3,B,100,0.14011,1e-6,SOURCE_REPORTED_COMPUTED_TABLE — NOT_EXPERIMENT — NOT_OUR_SOLVER_RESULT,VISUALLY_CHECKED_AGAINST_SUPPLIED_PDF,NOT_RUN
B03,1_uniform,0.3,0.3,B,steady,0.31546,1e-6,SOURCE_REPORTED_COMPUTED_TABLE — NOT_EXPERIMENT — NOT_OUR_SOLVER_RESULT,VISUALLY_CHECKED_AGAINST_SUPPLIED_PDF,NOT_RUN
B03,1_uniform,0.5,0.3,A,1,0.29869,1e-6,SOURCE_REPORTED_COMPUTED_TABLE — NOT_EXPERIMENT — NOT_OUR_SOLVER_RESULT,VISUALLY_CHECKED_AGAINST_SUPPLIED_PDF,NOT_RUN
B03,1_uniform,0.5,0.3,A,10,0.53339,1e-6,SOURCE_REPORTED_COMPUTED_TABLE — NOT_EXPERIMENT — NOT_OUR_SOLVER_RESULT,VISUALLY_CHECKED_AGAINST_SUPPLIED_PDF,NOT_RUN
B03,1_uniform,0.5,0.3,A,100,0.62918,1e-6,SOURCE_REPORTED_COMPUTED_TABLE — NOT_EXPERIMENT — NOT_OUR_SOLVER_RESULT,VISUALLY_CHECKED_AGAINST_SUPPLIED_PDF,NOT_RUN
B03,1_uniform,0.5,0.3,A,steady,0.80787,1e-6,SOURCE_REPORTED_COMPUTED_TABLE — NOT_EXPERIMENT — NOT_OUR_SOLVER_RESULT,VISUALLY_CHECKED_AGAINST_SUPPLIED_PDF,NOT_RUN
B03,1_uniform,0.5,0.3,B,1,0.01528,1e-6,SOURCE_REPORTED_COMPUTED_TABLE — NOT_EXPERIMENT — NOT_OUR_SOLVER_RESULT,VISUALLY_CHECKED_AGAINST_SUPPLIED_PDF,NOT_RUN
B03,1_uniform,0.5,0.3,B,10,0.10614,1e-6,SOURCE_REPORTED_COMPUTED_TABLE — NOT_EXPERIMENT — NOT_OUR_SOLVER_RESULT,VISUALLY_CHECKED_AGAINST_SUPPLIED_PDF,NOT_RUN
B03,1_uniform,0.5,0.3,B,100,0.18788,1e-6,SOURCE_REPORTED_COMPUTED_TABLE — NOT_EXPERIMENT — NOT_OUR_SOLVER_RESULT,VISUALLY_CHECKED_AGAINST_SUPPLIED_PDF,NOT_RUN
B03,1_uniform,0.5,0.3,B,steady,0.39175,1e-6,SOURCE_REPORTED_COMPUTED_TABLE — NOT_EXPERIMENT — NOT_OUR_SOLVER_RESULT,VISUALLY_CHECKED_AGAINST_SUPPLIED_PDF,NOT_RUN
B03,1_uniform,0.6,0.3,A,1,0.35287,1e-5,SOURCE_REPORTED_COMPUTED_TABLE — NOT_EXPERIMENT — NOT_OUR_SOLVER_RESULT,VISUALLY_CHECKED_AGAINST_SUPPLIED_PDF,NOT_RUN
B03,1_uniform,0.6,0.3,A,10,0.58714,1e-5,SOURCE_REPORTED_COMPUTED_TABLE — NOT_EXPERIMENT — NOT_OUR_SOLVER_RESULT,VISUALLY_CHECKED_AGAINST_SUPPLIED_PDF,NOT_RUN
B03,1_uniform,0.6,0.3,A,100,0.68154,1e-5,SOURCE_REPORTED_COMPUTED_TABLE — NOT_EXPERIMENT — NOT_OUR_SOLVER_RESULT,VISUALLY_CHECKED_AGAINST_SUPPLIED_PDF,NOT_RUN
B03,1_uniform,0.6,0.3,A,steady,0.85353,1e-5,SOURCE_REPORTED_COMPUTED_TABLE — NOT_EXPERIMENT — NOT_OUR_SOLVER_RESULT,VISUALLY_CHECKED_AGAINST_SUPPLIED_PDF,NOT_RUN
B03,1_uniform,0.6,0.3,B,1,0.02031,1e-5,SOURCE_REPORTED_COMPUTED_TABLE — NOT_EXPERIMENT — NOT_OUR_SOLVER_RESULT,VISUALLY_CHECKED_AGAINST_SUPPLIED_PDF,NOT_RUN
B03,1_uniform,0.6,0.3,B,10,0.12508,1e-5,SOURCE_REPORTED_COMPUTED_TABLE — NOT_EXPERIMENT — NOT_OUR_SOLVER_RESULT,VISUALLY_CHECKED_AGAINST_SUPPLIED_PDF,NOT_RUN
B03,1_uniform,0.6,0.3,B,100,0.21427,1e-5,SOURCE_REPORTED_COMPUTED_TABLE — NOT_EXPERIMENT — NOT_OUR_SOLVER_RESULT,VISUALLY_CHECKED_AGAINST_SUPPLIED_PDF,NOT_RUN
B03,1_uniform,0.6,0.3,B,steady,0.42868,1e-5,SOURCE_REPORTED_COMPUTED_TABLE — NOT_EXPERIMENT — NOT_OUR_SOLVER_RESULT,VISUALLY_CHECKED_AGAINST_SUPPLIED_PDF,NOT_RUN
B03,2_cosine,0.2,0.3,A,1,-0.08039,1e-6,SOURCE_REPORTED_COMPUTED_TABLE — NOT_EXPERIMENT — NOT_OUR_SOLVER_RESULT,VISUALLY_CHECKED_AGAINST_SUPPLIED_PDF,NOT_RUN
B03,2_cosine,0.2,0.3,A,10,-0.14587,1e-6,SOURCE_REPORTED_COMPUTED_TABLE — NOT_EXPERIMENT — NOT_OUR_SOLVER_RESULT,VISUALLY_CHECKED_AGAINST_SUPPLIED_PDF,NOT_RUN
B03,2_cosine,0.2,0.3,A,100,-0.16861,1e-6,SOURCE_REPORTED_COMPUTED_TABLE — NOT_EXPERIMENT — NOT_OUR_SOLVER_RESULT,VISUALLY_CHECKED_AGAINST_SUPPLIED_PDF,NOT_RUN
B03,2_cosine,0.2,0.3,A,steady,-0.20979,1e-6,SOURCE_REPORTED_COMPUTED_TABLE — NOT_EXPERIMENT — NOT_OUR_SOLVER_RESULT,VISUALLY_CHECKED_AGAINST_SUPPLIED_PDF,NOT_RUN
B03,2_cosine,0.2,0.3,B,1,0.00177,1e-6,SOURCE_REPORTED_COMPUTED_TABLE — NOT_EXPERIMENT — NOT_OUR_SOLVER_RESULT,VISUALLY_CHECKED_AGAINST_SUPPLIED_PDF,NOT_RUN
B03,2_cosine,0.2,0.3,B,10,-0.00049,1e-6,SOURCE_REPORTED_COMPUTED_TABLE — NOT_EXPERIMENT — NOT_OUR_SOLVER_RESULT,VISUALLY_CHECKED_AGAINST_SUPPLIED_PDF,NOT_RUN
B03,2_cosine,0.2,0.3,B,100,-0.01170,1e-6,SOURCE_REPORTED_COMPUTED_TABLE — NOT_EXPERIMENT — NOT_OUR_SOLVER_RESULT,VISUALLY_CHECKED_AGAINST_SUPPLIED_PDF,NOT_RUN
B03,2_cosine,0.2,0.3,B,steady,-0.04908,1e-6,SOURCE_REPORTED_COMPUTED_TABLE — NOT_EXPERIMENT — NOT_OUR_SOLVER_RESULT,VISUALLY_CHECKED_AGAINST_SUPPLIED_PDF,NOT_RUN
B03,2_cosine,0.3,0.3,A,1,-0.12365,1e-6,SOURCE_REPORTED_COMPUTED_TABLE — NOT_EXPERIMENT — NOT_OUR_SOLVER_RESULT,VISUALLY_CHECKED_AGAINST_SUPPLIED_PDF,NOT_RUN
B03,2_cosine,0.3,0.3,A,10,-0.21051,1e-6,SOURCE_REPORTED_COMPUTED_TABLE — NOT_EXPERIMENT — NOT_OUR_SOLVER_RESULT,VISUALLY_CHECKED_AGAINST_SUPPLIED_PDF,NOT_RUN
B03,2_cosine,0.3,0.3,A,100,-0.23908,1e-6,SOURCE_REPORTED_COMPUTED_TABLE — NOT_EXPERIMENT — NOT_OUR_SOLVER_RESULT,VISUALLY_CHECKED_AGAINST_SUPPLIED_PDF,NOT_RUN
B03,2_cosine,0.3,0.3,A,steady,-0.28832,1e-6,SOURCE_REPORTED_COMPUTED_TABLE — NOT_EXPERIMENT — NOT_OUR_SOLVER_RESULT,VISUALLY_CHECKED_AGAINST_SUPPLIED_PDF,NOT_RUN
B03,2_cosine,0.3,0.3,B,1,0.00298,1e-6,SOURCE_REPORTED_COMPUTED_TABLE — NOT_EXPERIMENT — NOT_OUR_SOLVER_RESULT,VISUALLY_CHECKED_AGAINST_SUPPLIED_PDF,NOT_RUN
B03,2_cosine,0.3,0.3,B,10,0.00183,1e-6,SOURCE_REPORTED_COMPUTED_TABLE — NOT_EXPERIMENT — NOT_OUR_SOLVER_RESULT,VISUALLY_CHECKED_AGAINST_SUPPLIED_PDF,NOT_RUN
B03,2_cosine,0.3,0.3,B,100,-0.01228,1e-6,SOURCE_REPORTED_COMPUTED_TABLE — NOT_EXPERIMENT — NOT_OUR_SOLVER_RESULT,VISUALLY_CHECKED_AGAINST_SUPPLIED_PDF,NOT_RUN
B03,2_cosine,0.3,0.3,B,steady,-0.05972,1e-6,SOURCE_REPORTED_COMPUTED_TABLE — NOT_EXPERIMENT — NOT_OUR_SOLVER_RESULT,VISUALLY_CHECKED_AGAINST_SUPPLIED_PDF,NOT_RUN
B03,2_cosine,0.5,0.3,A,1,-0.22131,1e-6,SOURCE_REPORTED_COMPUTED_TABLE — NOT_EXPERIMENT — NOT_OUR_SOLVER_RESULT,VISUALLY_CHECKED_AGAINST_SUPPLIED_PDF,NOT_RUN
B03,2_cosine,0.5,0.3,A,10,-0.33428,1e-6,SOURCE_REPORTED_COMPUTED_TABLE — NOT_EXPERIMENT — NOT_OUR_SOLVER_RESULT,VISUALLY_CHECKED_AGAINST_SUPPLIED_PDF,NOT_RUN
B03,2_cosine,0.5,0.3,A,100,-0.36755,1e-6,SOURCE_REPORTED_COMPUTED_TABLE — NOT_EXPERIMENT — NOT_OUR_SOLVER_RESULT,VISUALLY_CHECKED_AGAINST_SUPPLIED_PDF,NOT_RUN
B03,2_cosine,0.5,0.3,A,steady,-0.41880,1e-6,SOURCE_REPORTED_COMPUTED_TABLE — NOT_EXPERIMENT — NOT_OUR_SOLVER_RESULT,VISUALLY_CHECKED_AGAINST_SUPPLIED_PDF,NOT_RUN
B03,2_cosine,0.5,0.3,B,1,0.00683,1e-6,SOURCE_REPORTED_COMPUTED_TABLE — NOT_EXPERIMENT — NOT_OUR_SOLVER_RESULT,VISUALLY_CHECKED_AGAINST_SUPPLIED_PDF,NOT_RUN
B03,2_cosine,0.5,0.3,B,10,0.01293,1e-6,SOURCE_REPORTED_COMPUTED_TABLE — NOT_EXPERIMENT — NOT_OUR_SOLVER_RESULT,VISUALLY_CHECKED_AGAINST_SUPPLIED_PDF,NOT_RUN
B03,2_cosine,0.5,0.3,B,100,-0.00278,1e-6,SOURCE_REPORTED_COMPUTED_TABLE — NOT_EXPERIMENT — NOT_OUR_SOLVER_RESULT,VISUALLY_CHECKED_AGAINST_SUPPLIED_PDF,NOT_RUN
B03,2_cosine,0.5,0.3,B,steady,-0.05944,1e-6,SOURCE_REPORTED_COMPUTED_TABLE — NOT_EXPERIMENT — NOT_OUR_SOLVER_RESULT,VISUALLY_CHECKED_AGAINST_SUPPLIED_PDF,NOT_RUN
B03,2_cosine,0.6,0.3,A,1,-0.27677,1e-5,SOURCE_REPORTED_COMPUTED_TABLE — NOT_EXPERIMENT — NOT_OUR_SOLVER_RESULT,VISUALLY_CHECKED_AGAINST_SUPPLIED_PDF,NOT_RUN
B03,2_cosine,0.6,0.3,A,10,-0.39575,1e-5,SOURCE_REPORTED_COMPUTED_TABLE — NOT_EXPERIMENT — NOT_OUR_SOLVER_RESULT,VISUALLY_CHECKED_AGAINST_SUPPLIED_PDF,NOT_RUN
B03,2_cosine,0.6,0.3,A,100,-0.42881,1e-5,SOURCE_REPORTED_COMPUTED_TABLE — NOT_EXPERIMENT — NOT_OUR_SOLVER_RESULT,VISUALLY_CHECKED_AGAINST_SUPPLIED_PDF,NOT_RUN
B03,2_cosine,0.6,0.3,A,steady,-0.47642,1e-5,SOURCE_REPORTED_COMPUTED_TABLE — NOT_EXPERIMENT — NOT_OUR_SOLVER_RESULT,VISUALLY_CHECKED_AGAINST_SUPPLIED_PDF,NOT_RUN
B03,2_cosine,0.6,0.3,B,1,0.01005,1e-5,SOURCE_REPORTED_COMPUTED_TABLE — NOT_EXPERIMENT — NOT_OUR_SOLVER_RESULT,VISUALLY_CHECKED_AGAINST_SUPPLIED_PDF,NOT_RUN
B03,2_cosine,0.6,0.3,B,10,0.02282,1e-5,SOURCE_REPORTED_COMPUTED_TABLE — NOT_EXPERIMENT — NOT_OUR_SOLVER_RESULT,VISUALLY_CHECKED_AGAINST_SUPPLIED_PDF,NOT_RUN
B03,2_cosine,0.6,0.3,B,100,0.00826,1e-5,SOURCE_REPORTED_COMPUTED_TABLE — NOT_EXPERIMENT — NOT_OUR_SOLVER_RESULT,VISUALLY_CHECKED_AGAINST_SUPPLIED_PDF,NOT_RUN
B03,2_cosine,0.6,0.3,B,steady,-0.04870,1e-5,SOURCE_REPORTED_COMPUTED_TABLE — NOT_EXPERIMENT — NOT_OUR_SOLVER_RESULT,VISUALLY_CHECKED_AGAINST_SUPPLIED_PDF,NOT_RUN
