model,x_star,time_star,tau_star,origin,theta_dehoog64,theta_cohen80_FAILED,sigma_dehoog64,sigma_cohen80_FAILED,u_dehoog64,u_cohen80_FAILED
CV,0.0,0.06,0.04,ACTUALLY_EXECUTED_MATHEMATICAL_PILOT — NOT_EXPERIMENT,1.0,1.0,0.0,0.0,-0.0004939385062682147,-0.0004939385062682147
CV,0.02,0.06,0.04,ACTUALLY_EXECUTED_MATHEMATICAL_PILOT — NOT_EXPERIMENT,0.9632518990956577,-119563.24958674469,0.0009426958733665839,-7059280.801871506,-0.0002865404478480326,464.52474138005334
CV,0.04,0.06,0.04,ACTUALLY_EXECUTED_MATHEMATICAL_PILOT — NOT_EXPERIMENT,0.926541433141923,12950.690509964892,0.001884046105832463,760256.7381562695,-8.211675667613039e-05,-96.17281180598624
CV,0.08,0.06,0.04,ACTUALLY_EXECUTED_MATHEMATICAL_PILOT — NOT_EXPERIMENT,0.8530399326441167,7514786.843556699,-0.038927082655803226,-327859.7506833097,0.00010239644999434361,-0.2511017602337483
CV,0.1,0.06,0.04,ACTUALLY_EXECUTED_MATHEMATICAL_PILOT — NOT_EXPERIMENT,0.8170404480984801,-117488120.65689975,-0.03712761698506384,5127508.2541264845,8.718596492699932e-05,-75.69701076185883
CV,0.15,0.06,0.04,ACTUALLY_EXECUTED_MATHEMATICAL_PILOT — NOT_EXPERIMENT,0.7278738308968512,397200410.456477,-0.03273641383240167,-17346722.441095375,5.515678354801754e-05,821.4537001788897
CV,0.2,0.06,0.04,ACTUALLY_EXECUTED_MATHEMATICAL_PILOT — NOT_EXPERIMENT,0.6403539188100653,9422037.758180963,-0.02851069296260623,-411332.9364338589,3.0700891874370114e-05,12.274908012710206
CV,0.24,0.06,0.04,ACTUALLY_EXECUTED_MATHEMATICAL_PILOT — NOT_EXPERIMENT,0.5718977165487125,-5816.681075279401,-0.025259055222895045,253.47639356002,1.581355309259843e-05,0.014489112619166144
CV,0.28,0.06,0.04,ACTUALLY_EXECUTED_MATHEMATICAL_PILOT — NOT_EXPERIMENT,0.5051245126401954,-3.5229136994445565,-0.022129776578171202,0.15362002532252242,4.497370857084331e-06,4.05628109777957e-06
CV,0.32,0.06,0.04,ACTUALLY_EXECUTED_MATHEMATICAL_PILOT — NOT_EXPERIMENT,-3.394384254613696e-32,5.55927830685765e-06,1.4328219105973237e-33,-2.427626386464173e-07,9.370033044640463e-37,1.0347968769052422e-11
CV,0.4,0.06,0.04,ACTUALLY_EXECUTED_MATHEMATICAL_PILOT — NOT_EXPERIMENT,-2.4984765033460618e-67,-3.339005755499692e-20,7.430059635326942e-69,1.4570086092320824e-21,3.1634324058625786e-73,-1.0741797298490158e-26
CV,0.6,0.06,0.04,ACTUALLY_EXECUTED_MATHEMATICAL_PILOT — NOT_EXPERIMENT,4.4614262412536795e-88,1.336302964964517e-80,-2.260788673686204e-89,-6.150417908002562e-82,2.654682849643514e-91,2.0168662355432519e-84
CV,0.9,0.06,0.04,ACTUALLY_EXECUTED_MATHEMATICAL_PILOT — NOT_EXPERIMENT,2.4124442267323938e-88,1.7973887964996354e-81,-1.1557345822911996e-89,-7.844024158648435e-83,7.603672359336601e-92,1.0308433860141986e-87
CV,1.0,0.06,0.04,ACTUALLY_EXECUTED_MATHEMATICAL_PILOT — NOT_EXPERIMENT,1.8727647846377326e-88,-3.3910785419345126e-100,-8.82735911239471e-90,1.479771095417151e-101,4.595278061231679e-92,-1.2834186812184682e-106
MCV3,0.0,0.06,0.04,ACTUALLY_EXECUTED_MATHEMATICAL_PILOT — NOT_EXPERIMENT,1.0,1.0,0.0,0.0,-0.0004800816166442963,-0.0004800816166442963
MCV3,0.02,0.06,0.04,ACTUALLY_EXECUTED_MATHEMATICAL_PILOT — NOT_EXPERIMENT,0.9613688915130834,-120395.40490330002,0.000870586013216886,-7059910.005770595,-0.0002730090513102396,464.2578088170149
MCV3,0.04,0.06,0.04,ACTUALLY_EXECUTED_MATHEMATICAL_PILOT — NOT_EXPERIMENT,0.9203344737088055,13122.39969503518,0.001682865012206202,760374.795162434,-7.002836013602766e-05,-96.13105112503925
MCV3,0.08,0.06,0.04,ACTUALLY_EXECUTED_MATHEMATICAL_PILOT — NOT_EXPERIMENT,0.8307869022588206,6153260.346493231,-0.03882638242874598,-268454.24430808343,0.00010632044104346244,-0.2235985696688155
MCV3,0.1,0.06,0.04,ACTUALLY_EXECUTED_MATHEMATICAL_PILOT — NOT_EXPERIMENT,0.7830868148320418,-91825696.20499787,-0.0363678151015258,4008760.83820662,8.738788572377654e-05,-58.46739662528671
MCV3,0.15,0.06,0.04,ACTUALLY_EXECUTED_MATHEMATICAL_PILOT — NOT_EXPERIMENT,0.6539241995025938,277371775.7708777,-0.029912240814310643,-12125113.262732213,4.958261028582782e-05,563.5714368636677
MCV3,0.2,0.06,0.04,ACTUALLY_EXECUTED_MATHEMATICAL_PILOT — NOT_EXPERIMENT,0.5134070083533947,5792811.747456704,-0.02314219250682695,-253047.08269353714,2.382092810859156e-05,7.439906591752834
MCV3,0.24,0.06,0.04,ACTUALLY_EXECUTED_MATHEMATICAL_PILOT — NOT_EXPERIMENT,0.39657443999408876,-3099.5448055632473,-0.017664316130854993,134.89865720642706,1.049077451669178e-05,0.008048389188304538
MCV3,0.28,0.06,0.04,ACTUALLY_EXECUTED_MATHEMATICAL_PILOT — NOT_EXPERIMENT,0.2801184808937114,-1.7249551970050254,-0.012315651475825912,0.07517331549365276,2.4246661464959336e-06,2.221835152991936e-06
MCV3,0.32,0.06,0.04,ACTUALLY_EXECUTED_MATHEMATICAL_PILOT — NOT_EXPERIMENT,-4.1225800775128195e-32,2.57436583618172e-06,-5.4145983303861935e-34,-1.1251236515934176e-07,4.0794700646252165e-37,4.701089517091551e-12
MCV3,0.4,0.06,0.04,ACTUALLY_EXECUTED_MATHEMATICAL_PILOT — NOT_EXPERIMENT,-1.2100754001513322e-68,-1.2376704141071883e-20,6.381244123661106e-70,5.401513659857187e-22,-1.5012218485885426e-73,-3.927797489405554e-27
MCV3,0.6,0.06,0.04,ACTUALLY_EXECUTED_MATHEMATICAL_PILOT — NOT_EXPERIMENT,4.484352929764776e-88,1.0261293467865306e-80,-2.3065697834106333e-89,-4.7670038197436025e-82,2.4137025057561796e-91,1.2328340550837432e-84
MCV3,0.9,0.06,0.04,ACTUALLY_EXECUTED_MATHEMATICAL_PILOT — NOT_EXPERIMENT,2.0394249867782954e-88,1.9482998139097102e-82,-9.808649705645423e-90,-8.504891322474438e-84,4.886242281046627e-92,1.10893439250836e-88
MCV3,1.0,0.06,0.04,ACTUALLY_EXECUTED_MATHEMATICAL_PILOT — NOT_EXPERIMENT,1.3780719602277684e-88,-2.844237227518257e-101,-6.5097844544762535e-90,1.2413587406094925e-102,2.4283819322747853e-92,-1.0483061111074855e-107
