model,field,x_ref,value_ref,x_bound,y_bound,source_slope,pixel_x,pixel_y_median,origin,computed_dehoog64,abs_error,envelope,scaled_error,status
CV,theta,0.007364975450081833,0.19845644983461963,0.0032733224222585926,0.004410143329658214,38.51029033443586,6,365.0,SOURCE_FIGURE_DERIVED — NOT_OUR_RESULT — NOT_EXPERIMENT,0.9864655596718521,0.7880091098372325,0.13346674016905546,0.7880091098372325,OUTSIDE_ENVELOPE
CV,theta,0.02700490998363339,0.9547960308710033,0.0032733224222585926,0.004410143329658214,28.377480705622933,18,22.0,SOURCE_FIGURE_DERIVED — NOT_OUR_RESULT — NOT_EXPERIMENT,0.9503880151698965,0.004408015701106827,0.10029878721058434,0.004408015701106827,WITHIN_ENVELOPE
CV,theta,0.03355155482815057,0.9415656008820287,0.0032733224222585926,0.004410143329658214,-1.9367420066152152,22,28.0,SOURCE_FIGURE_DERIVED — NOT_OUR_RESULT — NOT_EXPERIMENT,0.9383712966465729,0.003194304235455747,0.013749724366041896,0.003194304235455747,WITHIN_ENVELOPE
CV,theta,0.04009819967266776,0.9294377067254685,0.0032733224222585926,0.004410143329658214,-1.9367420066152152,26,33.5,SOURCE_FIGURE_DERIVED — NOT_OUR_RESULT — NOT_EXPERIMENT,0.9263613401871562,0.003076366538312336,0.013749724366041896,0.003076366538312336,WITHIN_ENVELOPE
CV,theta,0.046644844517184945,0.9162072767364939,0.0032733224222585926,0.004410143329658214,-1.9367420066152163,30,39.5,SOURCE_FIGURE_DERIVED — NOT_OUR_RESULT — NOT_EXPERIMENT,0.9143594623935143,0.0018478143429796479,0.0137497243660419,0.0018478143429796479,WITHIN_ENVELOPE
CV,theta,0.05319148936170213,0.9040793825799338,0.0032733224222585926,0.004410143329658214,-2.020948180815872,34,45.0,SOURCE_FIGURE_DERIVED — NOT_OUR_RESULT — NOT_EXPERIMENT,,,,,EXCLUDED_NEAR_FRONT
CV,theta,0.05973813420621932,0.8897464167585447,0.0032733224222585926,0.004410143329658214,-1.9367420066152152,38,51.5,SOURCE_FIGURE_DERIVED — NOT_OUR_RESULT — NOT_EXPERIMENT,,,,,EXCLUDED_NEAR_FRONT
CV,theta,0.0662847790507365,0.8787210584343991,0.0032733224222585926,0.004410143329658214,-1.6841234840132386,42,56.5,SOURCE_FIGURE_DERIVED — NOT_OUR_RESULT — NOT_EXPERIMENT,,,,,EXCLUDED_NEAR_FRONT
CV,theta,0.07283142389525368,0.8676957001102535,0.0032733224222585926,0.004410143329658214,-1.8525358324145513,46,61.5,SOURCE_FIGURE_DERIVED — NOT_OUR_RESULT — NOT_EXPERIMENT,0.8659778147821025,0.001717885328151092,0.01347409040793825,0.001717885328151092,WITHIN_ENVELOPE
CV,theta,0.07937806873977087,0.8544652701212789,0.0032733224222585926,0.004410143329658214,-1.8525358324145496,50,67.5,SOURCE_FIGURE_DERIVED — NOT_OUR_RESULT — NOT_EXPERIMENT,0.8541617390617254,0.0003035310595534968,0.013474090407938247,0.0003035310595534968,WITHIN_ENVELOPE
CV,theta,0.08592471358428806,0.8434399117971334,0.0032733224222585926,0.004410143329658214,-1.7683296582138932,54,72.5,SOURCE_FIGURE_DERIVED — NOT_OUR_RESULT — NOT_EXPERIMENT,0.8423599190834367,0.0010799927136967424,0.013198456449834625,0.0010799927136967424,WITHIN_ENVELOPE
CV,theta,0.09247135842880524,0.8313120176405733,0.0032733224222585926,0.005512679162072768,-1.8525358324145513,58,78.0,SOURCE_FIGURE_DERIVED — NOT_OUR_RESULT — NOT_EXPERIMENT,0.8305736726493594,0.0007383449912138351,0.014576626240352806,0.0007383449912138351,WITHIN_ENVELOPE
CV,theta,0.09901800327332243,0.8191841234840133,0.0032733224222585926,0.004410143329658214,-1.7683296582138865,62,83.5,SOURCE_FIGURE_DERIVED — NOT_OUR_RESULT — NOT_EXPERIMENT,0.8188043142012518,0.0003798092827614896,0.013198456449834601,0.0003798092827614896,WITHIN_ENVELOPE
CV,theta,0.10556464811783961,0.8081587651598677,0.0032733224222585926,0.004410143329658214,-1.768329658213895,66,88.5,SOURCE_FIGURE_DERIVED — NOT_OUR_RESULT — NOT_EXPERIMENT,0.8070531545804521,0.0011056105794156057,0.013198456449834629,0.0011056105794156057,WITHIN_ENVELOPE
CV,theta,0.11211129296235679,0.7960308710033076,0.0032733224222585926,0.005512679162072768,-1.852535832414558,70,94.0,SOURCE_FIGURE_DERIVED — NOT_OUR_RESULT — NOT_EXPERIMENT,0.7953215007885582,0.0007093702147493719,0.014576626240352827,0.0007093702147493719,WITHIN_ENVELOPE
CV,theta,0.11865793780687399,0.7839029768467475,0.0032733224222585926,0.004410143329658214,-1.7683296582138932,74,99.5,SOURCE_FIGURE_DERIVED — NOT_OUR_RESULT — NOT_EXPERIMENT,0.7836106557488877,0.00029232109785981564,0.013198456449834625,0.00029232109785981564,WITHIN_ENVELOPE
CV,theta,0.12520458265139117,0.772877618522602,0.0032733224222585926,0.004410143329658214,-1.684123484013232,78,104.5,SOURCE_FIGURE_DERIVED — NOT_OUR_RESULT — NOT_EXPERIMENT,0.7719219180687736,0.000955700453828312,0.012922822491730986,0.000955700453828312,WITHIN_ENVELOPE
CV,theta,0.13175122749590834,0.7618522601984564,0.0032733224222585926,0.004410143329658214,-1.8525358324145513,82,109.5,SOURCE_FIGURE_DERIVED — NOT_OUR_RESULT — NOT_EXPERIMENT,0.7602565818027458,0.0015956783957106202,0.01347409040793825,0.0015956783957106202,WITHIN_ENVELOPE
CV,theta,0.13829787234042554,0.7486218302094818,0.0032733224222585926,0.004410143329658214,-1.8525358324145476,86,115.5,SOURCE_FIGURE_DERIVED — NOT_OUR_RESULT — NOT_EXPERIMENT,0.7486159362166483,5.893992833461148e-06,0.01347409040793824,5.893992833461148e-06,WITHIN_ENVELOPE
CV,theta,0.14484451718494273,0.7375964718853363,0.0032733224222585926,0.004410143329658214,-1.6841234840132302,90,120.5,SOURCE_FIGURE_DERIVED — NOT_OUR_RESULT — NOT_EXPERIMENT,0.7370012655527461,0.0005952063325901369,0.01292282249173098,0.0005952063325901369,WITHIN_ENVELOPE
CV,theta,0.1513911620294599,0.7265711135611908,0.0032733224222585926,0.004410143329658214,-1.768329658213895,94,125.5,SOURCE_FIGURE_DERIVED — NOT_OUR_RESULT — NOT_EXPERIMENT,0.7254138487958681,0.0011572647653226298,0.013198456449834629,0.0011572647653226298,WITHIN_ENVELOPE
CV,theta,0.1579378068739771,0.7144432194046306,0.0032733224222585926,0.005512679162072768,-1.85253583241456,98,131.0,SOURCE_FIGURE_DERIVED — NOT_OUR_RESULT — NOT_EXPERIMENT,0.7138549594406399,0.0005882599639907005,0.014576626240352834,0.0005882599639907005,WITHIN_ENVELOPE
CV,theta,0.16448445171849427,0.7023153252480705,0.0032733224222585926,0.004410143329658214,-1.768329658213895,102,136.5,SOURCE_FIGURE_DERIVED — NOT_OUR_RESULT — NOT_EXPERIMENT,0.7023258652598555,1.0540011785020731e-05,0.013198456449834629,1.0540011785020731e-05,WITHIN_ENVELOPE
CV,theta,0.17103109656301146,0.691289966923925,0.0032733224222585926,0.004410143329658214,-1.6841234840132266,106,141.5,SOURCE_FIGURE_DERIVED — NOT_OUR_RESULT — NOT_EXPERIMENT,0.6908278280740365,0.00046213884988843823,0.012922822491730969,0.00046213884988843823,WITHIN_ENVELOPE
CV,theta,0.17757774140752866,0.6802646085997794,0.0032733224222585926,0.004410143329658214,-1.6841234840132302,110,146.5,SOURCE_FIGURE_DERIVED — NOT_OUR_RESULT — NOT_EXPERIMENT,0.679362103522231,0.00090250507754841,0.01292282249173098,0.00090250507754841,WITHIN_ENVELOPE
CV,theta,0.18412438625204583,0.6692392502756339,0.0032733224222585926,0.004410143329658214,-1.8525358324145513,114,151.5,SOURCE_FIGURE_DERIVED — NOT_OUR_RESULT — NOT_EXPERIMENT,0.6679299408340987,0.001309309441535178,0.01347409040793825,0.001309309441535178,WITHIN_ENVELOPE
CV,theta,0.19067103109656303,0.6560088202866593,0.0032733224222585926,0.004410143329658214,-1.768329658213895,118,157.5,SOURCE_FIGURE_DERIVED — NOT_OUR_RESULT — NOT_EXPERIMENT,0.6565325826033331,0.000523762316673837,0.013198456449834629,0.000523762316673837,WITHIN_ENVELOPE
CV,theta,0.1972176759410802,0.6460859977949283,0.0032733224222585926,0.004410143329658214,-1.6841234840132302,122,162.0,SOURCE_FIGURE_DERIVED — NOT_OUR_RESULT — NOT_EXPERIMENT,0.6451712645624691,0.0009147332324591639,0.01292282249173098,0.0009147332324591639,WITHIN_ENVELOPE
CV,theta,0.2037643207855974,0.6339581036383682,0.0032733224222585926,0.004410143329658214,-1.7683296582138828,126,167.5,SOURCE_FIGURE_DERIVED — NOT_OUR_RESULT — NOT_EXPERIMENT,0.6338472153591233,0.00011088827924499167,0.01319845644983459,0.00011088827924499167,WITHIN_ENVELOPE
CV,theta,0.2103109656301146,0.6229327453142227,0.0032733224222585926,0.004410143329658214,-1.6841234840132302,130,172.5,SOURCE_FIGURE_DERIVED — NOT_OUR_RESULT — NOT_EXPERIMENT,0.6225616563337171,0.00037108898050564054,0.01292282249173098,0.00037108898050564054,WITHIN_ENVELOPE
CV,theta,0.21685761047463176,0.6119073869900772,0.0032733224222585926,0.004410143329658214,-1.6841234840132302,134,177.5,SOURCE_FIGURE_DERIVED — NOT_OUR_RESULT — NOT_EXPERIMENT,0.6113158012987283,0.0005915856913488726,0.01292282249173098,0.0005915856913488726,WITHIN_ENVELOPE
CV,theta,0.22340425531914895,0.6008820286659317,0.0032733224222585926,0.004410143329658214,-1.6841234840132302,138,182.5,SOURCE_FIGURE_DERIVED — NOT_OUR_RESULT — NOT_EXPERIMENT,0.6001108563195194,0.0007711723464122189,0.01292282249173098,0.0007711723464122189,WITHIN_ENVELOPE
CV,theta,0.22995090016366612,0.5898566703417861,0.0032733224222585926,0.004410143329658214,-1.6841234840132386,142,187.5,SOURCE_FIGURE_DERIVED — NOT_OUR_RESULT — NOT_EXPERIMENT,0.5889480194967902,0.0009086508449959174,0.012922822491731007,0.0009086508449959174,WITHIN_ENVELOPE
CV,theta,0.23649754500818332,0.5788313120176405,0.0032733224222585926,0.004410143329658214,-1.684123484013235,146,192.5,SOURCE_FIGURE_DERIVED — NOT_OUR_RESULT — NOT_EXPERIMENT,0.5778284807506996,0.0010028312669408956,0.012922822491730997,0.0010028312669408956,WITHIN_ENVELOPE
CV,theta,0.24304418985270052,0.567805953693495,0.0032733224222585926,0.004410143329658214,-1.6841234840132302,150,197.5,SOURCE_FIGURE_DERIVED — NOT_OUR_RESULT — NOT_EXPERIMENT,0.5667534216067052,0.0010525320867897925,0.01292282249173098,0.0010525320867897925,WITHIN_ENVELOPE
CV,theta,0.24959083469721768,0.5567805953693494,0.0032733224222585926,0.004410143329658214,-1.6841234840132302,154,202.5,SOURCE_FIGURE_DERIVED — NOT_OUR_RESULT — NOT_EXPERIMENT,0.5557240149831641,0.0010565803861852796,0.01292282249173098,0.0010565803861852796,WITHIN_ENVELOPE
CV,theta,0.2561374795417349,0.5457552370452039,0.0032733224222585926,0.004410143329658214,-1.6841234840132302,158,207.5,SOURCE_FIGURE_DERIVED — NOT_OUR_RESULT — NOT_EXPERIMENT,0.5447414249807422,0.0010138120644617166,0.01292282249173098,0.0010138120644617166,WITHIN_ENVELOPE
CV,theta,0.26268412438625205,0.5347298787210584,0.0032733224222585926,0.004410143329658214,-1.6841234840132338,162,212.5,SOURCE_FIGURE_DERIVED — NOT_OUR_RESULT — NOT_EXPERIMENT,0.5338068066736761,0.0009230720473822895,0.012922822491730993,0.0009230720473822895,WITHIN_ENVELOPE
CV,theta,0.2692307692307692,0.5237045203969128,0.0032733224222585926,0.004410143329658214,-1.6841234840132266,166,217.5,SOURCE_FIGURE_DERIVED — NOT_OUR_RESULT — NOT_EXPERIMENT,0.522921305902932,0.0007832144939808883,0.012922822491730969,0.0007832144939808883,WITHIN_ENVELOPE
CV,theta,0.27577741407528644,0.5126791620727673,0.0032733224222585926,0.004410143329658214,-1.6841234840132266,170,222.5,SOURCE_FIGURE_DERIVED — NOT_OUR_RESULT — NOT_EXPERIMENT,0.5120860590713066,0.0005931030014607597,0.012922822491730969,0.0005931030014607597,WITHIN_ENVELOPE
CV,theta,0.2823240589198036,0.5016538037486218,0.0032733224222585926,0.004410143329658214,-1.6841234840132338,174,227.5,SOURCE_FIGURE_DERIVED — NOT_OUR_RESULT — NOT_EXPERIMENT,0.5013021929405136,0.0003516108081081937,0.012922822491730993,0.0003516108081081937,WITHIN_ENVELOPE
CV,theta,0.2888707037643208,0.49062844542447626,0.0032733224222585926,0.004410143329658214,-1.6841234840132338,178,232.5,SOURCE_FIGURE_DERIVED — NOT_OUR_RESULT — NOT_EXPERIMENT,0.49057082443029776,5.762099417849775e-05,0.012922822491730993,5.762099417849775e-05,WITHIN_ENVELOPE
MCV3,theta,0.020458265139116204,0.9647188533627343,0.0032733224222585926,0.004410143329658214,-2.1893605292172014,14,17.5,SOURCE_FIGURE_DERIVED — NOT_OUR_RESULT — NOT_EXPERIMENT,0.9604560312277316,0.004262822135002731,0.014576626240352816,0.004262822135002731,WITHIN_ENVELOPE
MCV3,theta,0.02700490998363339,0.9503858875413451,0.0032733224222585926,0.004410143329658214,-2.1051543550165457,18,24.0,SOURCE_FIGURE_DERIVED — NOT_OUR_RESULT — NOT_EXPERIMENT,0.9472764128215448,0.003109474719800276,0.014300992282249198,0.003109474719800276,WITHIN_ENVELOPE
MCV3,theta,0.03355155482815057,0.9371554575523704,0.0032733224222585926,0.004410143329658214,-2.0209481808158802,22,30.0,SOURCE_FIGURE_DERIVED — NOT_OUR_RESULT — NOT_EXPERIMENT,0.9338346329898545,0.0033208245625159227,0.014025358324145545,0.0033208245625159227,WITHIN_ENVELOPE
MCV3,theta,0.04009819967266776,0.9239250275633958,0.0032733224222585926,0.004410143329658214,-2.189360529217193,26,36.0,SOURCE_FIGURE_DERIVED — NOT_OUR_RESULT — NOT_EXPERIMENT,0.9201268749226779,0.0037981526407179222,0.014576626240352789,0.0037981526407179222,WITHIN_ENVELOPE
MCV3,theta,0.046644844517184945,0.9084895259095921,0.0032733224222585926,0.004410143329658214,-2.1893605292171943,30,43.0,SOURCE_FIGURE_DERIVED — NOT_OUR_RESULT — NOT_EXPERIMENT,0.9061496375127437,0.0023398883968483997,0.014576626240352795,0.0023398883968483997,WITHIN_ENVELOPE
MCV3,theta,0.05319148936170213,0.8952590959206175,0.0032733224222585926,0.004410143329658214,-2.1893605292172014,34,49.0,SOURCE_FIGURE_DERIVED — NOT_OUR_RESULT — NOT_EXPERIMENT,,,,,EXCLUDED_NEAR_FRONT
MCV3,theta,0.05973813420621932,0.8798235942668137,0.0032733224222585926,0.004410143329658214,-2.357772877618531,38,56.0,SOURCE_FIGURE_DERIVED — NOT_OUR_RESULT — NOT_EXPERIMENT,,,,,EXCLUDED_NEAR_FRONT
MCV3,theta,0.0662847790507365,0.8643880926130099,0.0032733224222585926,0.004410143329658214,-2.273566703417859,42,63.0,SOURCE_FIGURE_DERIVED — NOT_OUR_RESULT — NOT_EXPERIMENT,,,,,EXCLUDED_NEAR_FRONT
MCV3,theta,0.07283142389525368,0.8500551267916208,0.0032733224222585926,0.004410143329658214,-2.273566703417859,46,69.5,SOURCE_FIGURE_DERIVED — NOT_OUR_RESULT — NOT_EXPERIMENT,0.8472947576470407,0.0027603691445801104,0.014852260198456441,0.0027603691445801104,WITHIN_ENVELOPE
MCV3,theta,0.07937806873977087,0.834619625137817,0.0032733224222585926,0.004410143329658214,-2.1893605292172,50,76.5,SOURCE_FIGURE_DERIVED — NOT_OUR_RESULT — NOT_EXPERIMENT,0.8322315229692947,0.0023881021685222548,0.014576626240352813,0.0023881021685222548,WITHIN_ENVELOPE
MCV3,theta,0.08592471358428806,0.8213891951488423,0.0032733224222585926,0.004410143329658214,-2.1893605292171916,54,82.5,SOURCE_FIGURE_DERIVED — NOT_OUR_RESULT — NOT_EXPERIMENT,0.8169071342356258,0.004482060913216568,0.014576626240352785,0.004482060913216568,WITHIN_ENVELOPE
MCV3,theta,0.09247135842880524,0.8059536934950386,0.0032733224222585926,0.004410143329658214,-2.728280044101433,58,89.5,SOURCE_FIGURE_DERIVED — NOT_OUR_RESULT — NOT_EXPERIMENT,0.8013238367649174,0.0046298567301212845,0.016340683572216096,0.0046298567301212845,WITHIN_ENVELOPE
MCV3,theta,0.11865793780687399,0.7320837927232635,0.0032733224222585926,0.004410143329658214,-2.761962513781699,74,123.0,SOURCE_FIGURE_DERIVED — NOT_OUR_RESULT — NOT_EXPERIMENT,0.736470993761327,0.0043872010380634485,0.016450937155457555,0.0043872010380634485,WITHIN_ENVELOPE
MCV3,theta,0.12520458265139117,0.7155457552370452,0.0032733224222585926,0.004410143329658214,-2.441979051819183,78,130.5,SOURCE_FIGURE_DERIVED — NOT_OUR_RESULT — NOT_EXPERIMENT,0.7196515704322697,0.00410581519522446,0.015403528114663723,0.00410581519522446,WITHIN_ENVELOPE
MCV3,theta,0.13175122749590834,0.7001102535832415,0.0032733224222585926,0.004410143329658214,-2.357772877618524,82,137.5,SOURCE_FIGURE_DERIVED — NOT_OUR_RESULT — NOT_EXPERIMENT,0.7026017500471946,0.00249149646395308,0.01512789415656009,0.00249149646395308,WITHIN_ENVELOPE
MCV3,theta,0.13829787234042554,0.6846747519294377,0.0032733224222585926,0.004410143329658214,-2.4419790518191835,86,144.5,SOURCE_FIGURE_DERIVED — NOT_OUR_RESULT — NOT_EXPERIMENT,0.6853289087307421,0.0006541568013044285,0.015403528114663726,0.0006541568013044285,WITHIN_ENVELOPE
MCV3,theta,0.14484451718494273,0.6681367144432194,0.0032733224222585926,0.005512679162072768,-2.61039140022051,90,152.0,SOURCE_FIGURE_DERIVED — NOT_OUR_RESULT — NOT_EXPERIMENT,0.6678411956384966,0.000295518804722783,0.017057331863285567,0.000295518804722783,WITHIN_ENVELOPE
MCV3,theta,0.1513911620294599,0.6504961411245865,0.0032733224222585926,0.005512679162072768,-2.6945975744211665,94,160.0,SOURCE_FIGURE_DERIVED — NOT_OUR_RESULT — NOT_EXPERIMENT,0.6501475374485115,0.0003486036760750322,0.017332965821389188,0.0003486036760750322,WITHIN_ENVELOPE
MCV3,theta,0.1579378068739771,0.6328555678059538,0.0032733224222585926,0.007717750826901874,-2.7788037486218315,98,168.0,SOURCE_FIGURE_DERIVED — NOT_OUR_RESULT — NOT_EXPERIMENT,0.6322576408217896,0.0005979269841641655,0.019813671444321942,0.0005979269841641655,WITHIN_ENVELOPE
MCV3,theta,0.16448445171849427,0.6141124586549063,0.0032733224222585926,0.006615214994487321,-2.77880374862184,102,176.5,SOURCE_FIGURE_DERIVED — NOT_OUR_RESULT — NOT_EXPERIMENT,0.6141819927638592,6.953410895293999e-05,0.018711135611907417,6.953410895293999e-05,WITHIN_ENVELOPE
MCV3,theta,0.17103109656301146,0.5964718853362734,0.0032733224222585926,0.006615214994487321,-2.7788037486218253,106,184.5,SOURCE_FIGURE_DERIVED — NOT_OUR_RESULT — NOT_EXPERIMENT,0.5959318588239465,0.0005400265123268744,0.018711135611907372,0.0005400265123268744,WITHIN_ENVELOPE
MCV3,theta,0.17757774140752866,0.577728776185226,0.0032733224222585926,0.007717750826901874,-2.8630099228224877,110,193.0,SOURCE_FIGURE_DERIVED — NOT_OUR_RESULT — NOT_EXPERIMENT,0.5775192790729425,0.00020949711228346324,0.020089305402425563,0.00020949711228346324,WITHIN_ENVELOPE
MCV3,theta,0.18412438625204583,0.5589856670341786,0.0032733224222585926,0.006615214994487321,-2.9472160970231527,114,201.5,SOURCE_FIGURE_DERIVED — NOT_OUR_RESULT — NOT_EXPERIMENT,0.5589570618063692,2.860522780945285e-05,0.01926240352811466,2.860522780945285e-05,WITHIN_ENVELOPE
MCV3,theta,0.19067103109656303,0.5391400220507166,0.0032733224222585926,0.006615214994487321,-2.863009922822496,118,210.5,SOURCE_FIGURE_DERIVED — NOT_OUR_RESULT — NOT_EXPERIMENT,0.5402587749238836,0.0011187528731669838,0.01898676957001104,0.0011187528731669838,WITHIN_ENVELOPE
MCV3,theta,0.1972176759410802,0.5214994487320838,0.0032733224222585926,0.006615214994487321,-2.863009922822496,122,218.5,SOURCE_FIGURE_DERIVED — NOT_OUR_RESULT — NOT_EXPERIMENT,0.5214387349424909,6.0713789592825584e-05,0.01898676957001104,6.0713789592825584e-05,WITHIN_ENVELOPE
MCV3,theta,0.2037643207855974,0.5016538037486218,0.0032733224222585926,0.006615214994487321,-2.9472160970231465,126,227.5,SOURCE_FIGURE_DERIVED — NOT_OUR_RESULT — NOT_EXPERIMENT,0.5025119936065706,0.0008581898579488323,0.01926240352811464,0.0008581898579488323,WITHIN_ENVELOPE
MCV3,theta,0.2103109656301146,0.4829106945975744,0.0032733224222585926,0.007717750826901874,-2.8630099228224877,130,236.0,SOURCE_FIGURE_DERIVED — NOT_OUR_RESULT — NOT_EXPERIMENT,0.4834943220640484,0.0005836274664740015,0.020089305402425563,0.0005836274664740015,WITHIN_ENVELOPE
MCV3,theta,0.21685761047463176,0.46416758544652703,0.0032733224222585926,0.006615214994487321,-2.9472160970231527,134,244.5,SOURCE_FIGURE_DERIVED — NOT_OUR_RESULT — NOT_EXPERIMENT,0.4644021925845374,0.0002346071380103787,0.01926240352811466,0.0002346071380103787,WITHIN_ENVELOPE
MCV3,theta,0.22340425531914895,0.44432194046306506,0.0032733224222585926,0.006615214994487321,-2.9472160970231527,138,253.5,SOURCE_FIGURE_DERIVED — NOT_OUR_RESULT — NOT_EXPERIMENT,0.44525275780204315,0.000930817338978096,0.01926240352811466,0.000930817338978096,WITHIN_ENVELOPE
MCV3,theta,0.22995090016366612,0.4255788313120177,0.0032733224222585926,0.007717750826901874,-2.863009922822496,142,262.0,SOURCE_FIGURE_DERIVED — NOT_OUR_RESULT — NOT_EXPERIMENT,0.42606382747183985,0.0004849961598221708,0.02008930540242559,0.0004849961598221708,WITHIN_ENVELOPE
MCV3,theta,0.23649754500818332,0.4068357221609702,0.0032733224222585926,0.006615214994487321,-2.947216097023155,146,270.5,SOURCE_FIGURE_DERIVED — NOT_OUR_RESULT — NOT_EXPERIMENT,0.40685384273837183,1.812057740163686e-05,0.019262403528114667,1.812057740163686e-05,WITHIN_ENVELOPE
MCV3,theta,0.24304418985270052,0.3869900771775082,0.0032733224222585926,0.006615214994487321,-2.8630099228224877,150,279.5,SOURCE_FIGURE_DERIVED — NOT_OUR_RESULT — NOT_EXPERIMENT,0.3876418479185095,0.0006517707410012563,0.01898676957001101,0.0006517707410012563,WITHIN_ENVELOPE
MCV3,theta,0.24959083469721768,0.36934950385887544,0.0032733224222585926,0.006615214994487321,-2.8630099228224877,154,287.5,SOURCE_FIGURE_DERIVED — NOT_OUR_RESULT — NOT_EXPERIMENT,0.36844745981215465,0.0009020440467207846,0.01898676957001101,0.0009020440467207846,WITHIN_ENVELOPE
MCV3,theta,0.2561374795417349,0.34950385887541346,0.0032733224222585926,0.006615214994487321,-3.0314222712238177,158,296.5,SOURCE_FIGURE_DERIVED — NOT_OUR_RESULT — NOT_EXPERIMENT,0.3492908345600484,0.0002130243153650735,0.01953803748621831,0.0002130243153650735,WITHIN_ENVELOPE
MCV3,theta,0.26268412438625205,0.3296582138919515,0.0032733224222585926,0.006615214994487321,-2.8630099228225023,162,305.5,SOURCE_FIGURE_DERIVED — NOT_OUR_RESULT — NOT_EXPERIMENT,0.33019263207665206,0.0005344181847005691,0.01898676957001106,0.0005344181847005691,WITHIN_ENVELOPE
MCV3,theta,0.2692307692307692,0.3120176405733186,0.0032733224222585926,0.006615214994487321,-2.8630099228224903,166,313.5,SOURCE_FIGURE_DERIVED — NOT_OUR_RESULT — NOT_EXPERIMENT,0.31117397809413,0.0008436624791886005,0.01898676957001102,0.0008436624791886005,WITHIN_ENVELOPE
MCV3,theta,0.27577741407528644,0.2921719955898566,0.0032733224222585926,0.006615214994487321,-2.9472160970231465,170,322.5,SOURCE_FIGURE_DERIVED — NOT_OUR_RESULT — NOT_EXPERIMENT,0.29225642386174894,8.442827189231172e-05,0.01926240352811464,8.442827189231172e-05,WITHIN_ENVELOPE
MCV3,theta,0.2823240589198036,0.27342888643880925,0.0032733224222585926,0.007717750826901874,-2.863009922822494,174,331.0,SOURCE_FIGURE_DERIVED — NOT_OUR_RESULT — NOT_EXPERIMENT,0.2734619035533852,3.3017114575928375e-05,0.020089305402425584,3.3017114575928375e-05,WITHIN_ENVELOPE
MCV3,theta,0.2888707037643208,0.25468577728776187,0.0032733224222585926,0.006615214994487321,-2.863009922822494,178,339.5,SOURCE_FIGURE_DERIVED — NOT_OUR_RESULT — NOT_EXPERIMENT,0.2548126894442809,0.00012691215651905452,0.018986769570011032,0.00012691215651905452,WITHIN_ENVELOPE
CV,sigma,0.060705496308449555,-0.04444321940463065,0.003281378178835111,0.00026460859977949283,0.39311742006615186,39,413.0,SOURCE_FIGURE_DERIVED — NOT_OUR_RESULT — NOT_EXPERIMENT,,,,,EXCLUDED_NEAR_FRONT
CV,sigma,0.07383100902379,-0.03928335170893054,0.003281378178835111,0.00026460859977949283,0.285598125689085,47,374.0,SOURCE_FIGURE_DERIVED — NOT_OUR_RESULT — NOT_EXPERIMENT,-0.03948683504608572,0.00020348333715518307,0.004201764057331863,0.004858104357312813,WITHIN_ENVELOPE
CV,sigma,0.08039376538146022,-0.03882028665931642,0.003281378178835111,0.00026460859977949283,0.09071940463065038,51,370.5,SOURCE_FIGURE_DERIVED — NOT_OUR_RESULT — NOT_EXPERIMENT,-0.038891428114154664,7.114145483824025e-05,0.003562293274531422,0.00169848114625549,WITHIN_ENVELOPE
CV,sigma,0.08695652173913045,-0.038092613009922824,0.003281378178835111,0.00026460859977949283,0.08063947078280045,55,365.0,SOURCE_FIGURE_DERIVED — NOT_OUR_RESULT — NOT_EXPERIMENT,-0.038298511171763215,0.00020589816184039128,0.003529217199558986,0.004915757580861087,WITHIN_ENVELOPE
CV,sigma,0.10664479081214111,-0.03670341786108048,0.003281378178835111,0.00026460859977949283,0.07559950385887554,67,354.5,SOURCE_FIGURE_DERIVED — NOT_OUR_RESULT — NOT_EXPERIMENT,-0.03653504451107146,0.0001683733500090212,0.003512679162072768,0.004019863821627648,WITHIN_ENVELOPE
CV,sigma,0.11320754716981132,-0.036108048511576625,0.003281378178835111,0.00026460859977949283,0.09676736493936036,71,350.0,SOURCE_FIGURE_DERIVED — NOT_OUR_RESULT — NOT_EXPERIMENT,-0.03595243148550052,0.00015561702607610334,0.003582138919514884,0.0037153103690049376,WITHIN_ENVELOPE
CV,sigma,0.13945857260049221,-0.03352811466372657,0.003281378178835111,0.00026460859977949283,0.09475137816979044,87,330.5,SOURCE_FIGURE_DERIVED — NOT_OUR_RESULT — NOT_EXPERIMENT,-0.03364893672767255,0.00012082206394598005,0.0035755237045203966,0.0028845909621968376,WITHIN_ENVELOPE
CV,sigma,0.14602132895816244,-0.032998897464167586,0.003281378178835111,0.00026460859977949283,0.08063947078280054,91,326.5,SOURCE_FIGURE_DERIVED — NOT_OUR_RESULT — NOT_EXPERIMENT,-0.03307997221341879,8.107474925120317e-05,0.003529217199558986,0.0019356356059019024,WITHIN_ENVELOPE
CV,sigma,0.15258408531583265,-0.0324696802646086,0.003281378178835111,0.00026460859977949283,0.08063947078280054,95,322.5,SOURCE_FIGURE_DERIVED — NOT_OUR_RESULT — NOT_EXPERIMENT,-0.032513838913594405,4.415864898580507e-05,0.003529217199558986,0.0010542746548695585,WITHIN_ENVELOPE
CV,sigma,0.15914684167350288,-0.031940463065049614,0.003281378178835111,0.00026460859977949283,0.08063947078280037,99,318.5,SOURCE_FIGURE_DERIVED — NOT_OUR_RESULT — NOT_EXPERIMENT,-0.031950570378231916,1.0107313182301791e-05,0.0035292171995589855,0.00024130910618110456,WITHIN_ENVELOPE
CV,sigma,0.1657095980311731,-0.03141124586549063,0.003281378178835111,0.00026460859977949283,0.08567943770672559,103,314.5,SOURCE_FIGURE_DERIVED — NOT_OUR_RESULT — NOT_EXPERIMENT,-0.03139020001539587,2.104585009475579e-05,0.0035457552370452045,0.0005024634325252469,WITHIN_ENVELOPE
CV,sigma,0.17227235438884334,-0.030815876515986766,0.003281378178835111,0.00026460859977949283,0.09071940463065048,107,310.0,SOURCE_FIGURE_DERIVED — NOT_OUR_RESULT — NOT_EXPERIMENT,-0.030832761081863072,1.688456587630588e-05,0.003562293274531422,0.0004031140053126825,WITHIN_ENVELOPE
CV,sigma,0.17883511074651354,-0.03022050716648291,0.003281378178835111,0.00026460859977949283,0.08567943770672524,111,305.5,SOURCE_FIGURE_DERIVED — NOT_OUR_RESULT — NOT_EXPERIMENT,-0.030278286673854873,5.7779507371961275e-05,0.003545755237045203,0.001379468611294903,WITHIN_ENVELOPE
CV,sigma,0.18539786710418377,-0.029691289966923926,0.003281378178835111,0.00026460859977949283,0.08063947078280037,115,301.5,SOURCE_FIGURE_DERIVED — NOT_OUR_RESULT — NOT_EXPERIMENT,-0.029726809717823408,3.55197508994827e-05,0.0035292171995589855,0.0008480235238320459,WITHIN_ENVELOPE
CV,sigma,0.191960623461854,-0.02916207276736494,0.003281378178835111,0.00026460859977949283,0.08567943770672577,119,297.5,SOURCE_FIGURE_DERIVED — NOT_OUR_RESULT — NOT_EXPERIMENT,-0.029178362961293766,1.6290193928826524e-05,0.003545755237045205,0.00038892355125249656,WITHIN_ENVELOPE
CV,sigma,0.1985233798195242,-0.028566703417861078,0.003281378178835111,0.00026460859977949283,0.08063947078280054,123,293.0,SOURCE_FIGURE_DERIVED — NOT_OUR_RESULT — NOT_EXPERIMENT,-0.028632978963763912,6.627554590283441e-05,0.003529217199558986,0.0015823090127930115,WITHIN_ENVELOPE
CV,sigma,0.20508613617719443,-0.028103638368246968,0.003281378178835111,0.00026460859977949283,0.08063947078280037,127,289.5,SOURCE_FIGURE_DERIVED — NOT_OUR_RESULT — NOT_EXPERIMENT,-0.028090690087664256,1.2948280582712052e-05,0.0035292171995589855,0.0003091363607360616,WITHIN_ENVELOPE
CV,sigma,0.21164889253486466,-0.027508269018743106,0.003281378178835111,0.00026460859977949283,0.08567943770672559,131,285.0,SOURCE_FIGURE_DERIVED — NOT_OUR_RESULT — NOT_EXPERIMENT,-0.02755152848937881,4.325947063570437e-05,0.0035457552370452045,0.001032807038298605,WITHIN_ENVELOPE
CV,sigma,0.2182116488925349,-0.02697905181918412,0.003281378178835111,0.00026460859977949283,0.08063947078280054,135,281.0,SOURCE_FIGURE_DERIVED — NOT_OUR_RESULT — NOT_EXPERIMENT,-0.027015526110329702,3.647429114558148e-05,0.003529217199558986,0.0008708128892593803,WITHIN_ENVELOPE
CV,sigma,0.2247744052502051,-0.026449834619625134,0.003281378178835111,0.00026460859977949283,0.08063947078280054,139,277.0,SOURCE_FIGURE_DERIVED — NOT_OUR_RESULT — NOT_EXPERIMENT,-0.026482714668126937,3.288004850180229e-05,0.003529217199558986,0.0007850014115575637,WITHIN_ENVELOPE
CV,sigma,0.23133716160787532,-0.02592061742006615,0.003281378178835111,0.00026460859977949283,0.08063947078280037,143,273.0,SOURCE_FIGURE_DERIVED — NOT_OUR_RESULT — NOT_EXPERIMENT,-0.025953125647785208,3.2508227719059424e-05,0.0035292171995589855,0.0007761243005860398,WITHIN_ENVELOPE
CV,sigma,0.23789991796554555,-0.025391400220507163,0.003281378178835111,0.00026460859977949283,0.08063947078280037,147,269.0,SOURCE_FIGURE_DERIVED — NOT_OUR_RESULT — NOT_EXPERIMENT,-0.025426790293009614,3.5390072502451686e-05,0.0035292171995589855,0.0008449274905426703,WITHIN_ENVELOPE
CV,sigma,0.24446267432321578,-0.024862183020948177,0.003281378178835111,0.00026460859977949283,0.08063947078280037,151,265.0,SOURCE_FIGURE_DERIVED — NOT_OUR_RESULT — NOT_EXPERIMENT,-0.024903739597552037,4.155657660386003e-05,0.0035292171995589855,0.000992150948066333,WITHIN_ENVELOPE
CV,sigma,0.251025430680886,-0.02433296582138919,0.003281378178835111,0.00026460859977949283,0.07559950385887547,155,261.0,SOURCE_FIGURE_DERIVED — NOT_OUR_RESULT — NOT_EXPERIMENT,-0.024384004296639963,5.103847525077254e-05,0.003512679162072768,0.0012185284676026582,WITHIN_ENVELOPE
CV,sigma,0.2575881870385562,-0.02386990077177508,0.003281378178835111,0.00026460859977949283,0.07559950385887547,159,257.5,SOURCE_FIGURE_DERIVED — NOT_OUR_RESULT — NOT_EXPERIMENT,-0.023867614858479547,2.2859132955341255e-06,0.003512679162072768,5.457550233218573e-05,WITHIN_ENVELOPE
CV,sigma,0.2641509433962264,-0.023340683572216095,0.003281378178835111,0.00026460859977949283,0.08063947078280037,163,253.5,SOURCE_FIGURE_DERIVED — NOT_OUR_RESULT — NOT_EXPERIMENT,-0.02335460147583466,1.3917903618564098e-05,0.0035292171995589855,0.00033228582329785993,WITHIN_ENVELOPE
CV,sigma,0.27071369975389664,-0.02281146637265711,0.003281378178835111,0.00026460859977949283,0.08063947078280037,167,249.5,SOURCE_FIGURE_DERIVED — NOT_OUR_RESULT — NOT_EXPERIMENT,-0.0228449940576836,3.352768502649234e-05,0.0035292171995589855,0.0008004635416097762,WITHIN_ENVELOPE
CV,sigma,0.27727645611156687,-0.022282249173098123,0.003281378178835111,0.00026460859977949283,0.07559950385887515,171,245.5,SOURCE_FIGURE_DERIVED — NOT_OUR_RESULT — NOT_EXPERIMENT,-0.022338822220955304,5.657304785718076e-05,0.0035126791620727666,0.0013506647480026135,WITHIN_ENVELOPE
CV,sigma,0.2838392124692371,-0.021819184123484013,0.003281378178835111,0.00026460859977949283,0.07559950385887515,175,242.0,SOURCE_FIGURE_DERIVED — NOT_OUR_RESULT — NOT_EXPERIMENT,-0.02183611528234658,1.6931158862566742e-05,0.0035126791620727666,0.000404226399048399,WITHIN_ENVELOPE
CV,sigma,0.29040196882690733,-0.021289966923925027,0.003281378178835111,0.00026460859977949283,-0.052823957126707885,179,238.0,SOURCE_FIGURE_DERIVED — NOT_OUR_RESULT — NOT_EXPERIMENT,-0.021336902250224173,4.6935326299145375e-05,0.0034379439800147934,0.0011205670026528207,WITHIN_ENVELOPE
CV,sigma,0.8022969647251846,-0.04920617420066152,0.003281378178835111,0.00033076074972436607,-0.054535026715291327,491,449.0,SOURCE_FIGURE_DERIVED — NOT_OUR_RESULT — NOT_EXPERIMENT,-1.4670354857366392e-89,0.04920617420066152,0.003509710796370113,1.1747828231685657,OUTSIDE_ENVELOPE
MCV3,sigma,0.07383100902379,-0.04014332965821389,0.003281378178835111,0.00026460859977949283,0.09071940463065101,47,380.5,SOURCE_FIGURE_DERIVED — NOT_OUR_RESULT — NOT_EXPERIMENT,-0.03956897492069339,0.0005743547375205021,0.003562293274531424,0.013712549105992169,WITHIN_ENVELOPE
MCV3,sigma,0.08039376538146022,-0.03954796030871003,0.003281378178835111,0.00026460859977949283,0.1310391400220506,51,376.0,SOURCE_FIGURE_DERIVED — NOT_OUR_RESULT — NOT_EXPERIMENT,-0.03877872705942099,0.0007692332492890419,0.0036945975744211686,0.018365215807872357,WITHIN_ENVELOPE
MCV3,sigma,0.08695652173913045,-0.03842337375964719,0.003281378178835111,0.00026460859977949283,0.1310391400220506,55,367.5,SOURCE_FIGURE_DERIVED — NOT_OUR_RESULT — NOT_EXPERIMENT,-0.037979989531865495,0.00044338422778169434,0.0036945975744211686,0.010585667008730596,WITHIN_ENVELOPE
MCV3,sigma,0.09351927809680066,-0.03782800441014333,0.003281378178835111,0.00033076074972436607,0.11591923925027611,59,363.0,SOURCE_FIGURE_DERIVED — NOT_OUR_RESULT — NOT_EXPERIMENT,-0.037172886897563005,0.0006551175125803221,0.0037111356119073884,0.01564073642055132,WITHIN_ENVELOPE
MCV3,sigma,0.10008203445447088,-0.0369018743109151,0.003281378178835111,0.00033076074972436607,0.1310391400220506,63,356.0,SOURCE_FIGURE_DERIVED — NOT_OUR_RESULT — NOT_EXPERIMENT,-0.03635757373791571,0.0005443005729993886,0.003760749724366042,0.012995014836814792,WITHIN_ENVELOPE
MCV3,sigma,0.10664479081214111,-0.036108048511576625,0.003281378178835111,0.00033076074972436607,0.12095920617420068,67,350.0,SOURCE_FIGURE_DERIVED — NOT_OUR_RESULT — NOT_EXPERIMENT,-0.035534235251098126,0.0005738132604784993,0.0037276736493936057,0.013699621502120935,WITHIN_ENVELOPE
MCV3,sigma,0.11320754716981132,-0.03531422271223814,0.003281378178835111,0.00033076074972436607,0.1310391400220506,71,344.0,SOURCE_FIGURE_DERIVED — NOT_OUR_RESULT — NOT_EXPERIMENT,-0.034703087780309894,0.0006111349319282491,0.003760749724366042,0.014590665344958799,WITHIN_ENVELOPE
MCV3,sigma,0.11977030352748155,-0.03438809261300992,0.003281378178835111,0.00033076074972436607,0.13103914002205047,75,337.0,SOURCE_FIGURE_DERIVED — NOT_OUR_RESULT — NOT_EXPERIMENT,-0.03386437927176234,0.0005237133412475808,0.003760749724366041,0.012503500781282121,WITHIN_ENVELOPE
MCV3,sigma,0.12633305988515178,-0.03359426681367144,0.003281378178835111,0.00033076074972436607,0.12095920617420082,79,331.0,SOURCE_FIGURE_DERIVED — NOT_OUR_RESULT — NOT_EXPERIMENT,-0.03301838965889042,0.0005758771547810237,0.0037276736493936057,0.01374889636680669,WITHIN_ENVELOPE
MCV3,sigma,0.13289581624282198,-0.032800441014332965,0.003281378178835111,0.00033076074972436607,0.12095920617420082,83,325.0,SOURCE_FIGURE_DERIVED — NOT_OUR_RESULT — NOT_EXPERIMENT,-0.03216543116940015,0.000635009844932817,0.0037276736493936057,0.015160671815854744,WITHIN_ENVELOPE
MCV3,sigma,0.13945857260049221,-0.03200661521499448,0.003281378178835111,0.00026460859977949283,0.11591923925027534,87,319.0,SOURCE_FIGURE_DERIVED — NOT_OUR_RESULT — NOT_EXPERIMENT,-0.03130584855189432,0.0007007666631001636,0.0036449834619625126,0.016730596357726134,WITHIN_ENVELOPE
MCV3,sigma,0.14602132895816244,-0.03127894156560088,0.003281378178835111,0.00026460859977949283,0.14783902976846738,91,313.5,SOURCE_FIGURE_DERIVED — NOT_OUR_RESULT — NOT_EXPERIMENT,-0.03044001921896603,0.0008389223466348517,0.003749724366041896,0.02002902234950913,WITHIN_ENVELOPE
MCV3,sigma,0.15914684167350288,-0.029095920617420064,0.003281378178835111,0.00026460859977949283,0.15455898566703435,99,297.0,SOURCE_FIGURE_DERIVED — NOT_OUR_RESULT — NOT_EXPERIMENT,-0.028691293627581365,0.0004046269898386988,0.0037717750826901882,0.009660349441402307,WITHIN_ENVELOPE
MCV3,sigma,0.1657095980311731,-0.028235942668136713,0.003281378178835111,0.00026460859977949283,0.12095920617420056,103,290.5,SOURCE_FIGURE_DERIVED — NOT_OUR_RESULT — NOT_EXPERIMENT,-0.02780931557490401,0.0004266270932327017,0.0036615214994487316,0.010185595388583862,WITHIN_ENVELOPE
MCV3,sigma,0.17227235438884334,-0.027508269018743106,0.003281378178835111,0.00033076074972436607,0.12095920617420082,107,285.0,SOURCE_FIGURE_DERIVED — NOT_OUR_RESULT — NOT_EXPERIMENT,-0.026922926875165974,0.0005853421435771319,0.0037276736493936057,0.01397487016866754,WITHIN_ENVELOPE
MCV3,sigma,0.17883511074651354,-0.026648291069459755,0.003281378178835111,0.00039691289966923925,0.13103914002205075,111,278.5,SOURCE_FIGURE_DERIVED — NOT_OUR_RESULT — NOT_EXPERIMENT,-0.026032667287414463,0.0006156237820452923,0.003826901874310915,0.014697835310902008,WITHIN_ENVELOPE
MCV3,sigma,0.18539786710418377,-0.025788313120176404,0.003281378178835111,0.00033076074972436607,0.1360791069459757,115,272.0,SOURCE_FIGURE_DERIVED — NOT_OUR_RESULT — NOT_EXPERIMENT,-0.02513910818692502,0.0006492049332513829,0.00377728776185226,0.015499575341701054,WITHIN_ENVELOPE
MCV3,sigma,0.191960623461854,-0.024862183020948177,0.003281378178835111,0.00033076074972436607,0.1411190738699007,119,265.0,SOURCE_FIGURE_DERIVED — NOT_OUR_RESULT — NOT_EXPERIMENT,-0.024242852051745173,0.0006193309692030038,0.0037938257993384785,0.014786343305394538,WITHIN_ENVELOPE
MCV3,sigma,0.1985233798195242,-0.023936052921719957,0.003281378178835111,0.00033076074972436607,0.13607910694597544,123,258.0,SOURCE_FIGURE_DERIVED — NOT_OUR_RESULT — NOT_EXPERIMENT,-0.02334453184777178,0.0005915210739481751,0.003777287761852259,0.014122390299695293,WITHIN_ENVELOPE
MCV3,sigma,0.20508613617719443,-0.023076074972436605,0.003281378178835111,0.00039691289966923925,0.131039140022051,127,251.5,SOURCE_FIGURE_DERIVED — NOT_OUR_RESULT — NOT_EXPERIMENT,-0.022444810311187502,0.0006312646612491035,0.003826901874310916,0.015071256665566985,WITHIN_ENVELOPE
MCV3,sigma,0.21164889253486466,-0.022216097023153247,0.003281378178835111,0.00033076074972436607,0.1360791069459757,131,245.0,SOURCE_FIGURE_DERIVED — NOT_OUR_RESULT — NOT_EXPERIMENT,-0.021544379127359577,0.0006717178957936706,0.00377728776185226,0.016037065649024344,WITHIN_ENVELOPE
MCV3,sigma,0.2182116488925349,-0.021289966923925027,0.003281378178835111,0.00033076074972436607,0.1411190738699007,135,238.0,SOURCE_FIGURE_DERIVED — NOT_OUR_RESULT — NOT_EXPERIMENT,-0.020643958005593065,0.0006460089183319626,0.0037938257993384785,0.015423271432874202,WITHIN_ENVELOPE
MCV3,sigma,0.2247744052502051,-0.0203638368246968,0.003281378178835111,0.00033076074972436607,0.136079106945976,139,231.0,SOURCE_FIGURE_DERIVED — NOT_OUR_RESULT — NOT_EXPERIMENT,-0.019744293649429964,0.0006195431752668359,0.0037772877618522612,0.01479140966226564,WITHIN_ENVELOPE
MCV3,sigma,0.23133716160787532,-0.01950385887541345,0.003281378178835111,0.00039691289966923925,0.14111907386990039,143,224.5,SOURCE_FIGURE_DERIVED — NOT_OUR_RESULT — NOT_EXPERIMENT,-0.01884615862249452,0.0006577002529189295,0.0038599779492833504,0.01570239858055033,WITHIN_ENVELOPE
MCV3,sigma,0.23789991796554555,-0.018511576626240353,0.003281378178835111,0.00033076074972436607,0.1360791069459757,147,217.0,SOURCE_FIGURE_DERIVED — NOT_OUR_RESULT — NOT_EXPERIMENT,-0.017950350110203052,0.0005612265160373012,0.00377728776185226,0.013399116709595668,WITHIN_ENVELOPE
MCV3,sigma,0.24446267432321578,-0.01771775082690187,0.003281378178835111,0.00033076074972436607,0.1360791069459757,151,211.0,SOURCE_FIGURE_DERIVED — NOT_OUR_RESULT — NOT_EXPERIMENT,-0.017057688577982604,0.0006600622489192666,0.00377728776185226,0.015758790534906975,WITHIN_ENVELOPE
MCV3,sigma,0.251025430680886,-0.016725468577728775,0.003281378178835111,0.00039691289966923925,0.141119073869901,155,203.5,SOURCE_FIGURE_DERIVED — NOT_OUR_RESULT — NOT_EXPERIMENT,-0.01616901632697649,0.0005564522507522859,0.0038599779492833526,0.013285132541120922,WITHIN_ENVELOPE
MCV3,sigma,0.2575881870385562,-0.015865490628445424,0.003281378178835111,0.00033076074972436607,0.1310391400220509,159,197.0,SOURCE_FIGURE_DERIVED — NOT_OUR_RESULT — NOT_EXPERIMENT,-0.015285195948554832,0.000580294679890592,0.0037607497243660427,0.013854363469338852,WITHIN_ENVELOPE
MCV3,sigma,0.2641509433962264,-0.015005512679162074,0.003281378178835111,0.00039691289966923925,0.1310391400220506,163,190.5,SOURCE_FIGURE_DERIVED — NOT_OUR_RESULT — NOT_EXPERIMENT,-0.014407108679294057,0.0005984039998680173,0.003826901874310915,0.014286718115769717,WITHIN_ENVELOPE
MCV3,sigma,0.27071369975389664,-0.01414553472987872,0.003281378178835111,0.00033076074972436607,0.1360791069459757,167,184.0,SOURCE_FIGURE_DERIVED — NOT_OUR_RESULT — NOT_EXPERIMENT,-0.013535652658439942,0.0006098820714387776,0.00377728776185226,0.014560753672150106,WITHIN_ENVELOPE
MCV3,sigma,0.27727645611156687,-0.013219404630650496,0.003281378178835111,0.00033076074972436607,0.13607910694597544,171,177.0,SOURCE_FIGURE_DERIVED — NOT_OUR_RESULT — NOT_EXPERIMENT,-0.012671741090223076,0.0005476635404274201,0.003777287761852259,0.013075304687296072,WITHIN_ENVELOPE
MCV3,sigma,0.2838392124692371,-0.012359426681367145,0.003281378178835111,0.00026460859977949283,0.13103914002205047,175,170.5,SOURCE_FIGURE_DERIVED — NOT_OUR_RESULT — NOT_EXPERIMENT,-0.01181630031375266,0.0005431263676144854,0.0036945975744211677,0.01296698103131244,WITHIN_ENVELOPE
MCV3,sigma,0.29040196882690733,-0.011499448732083794,0.003281378178835111,0.00033076074972436607,0.12599917309812553,179,164.0,SOURCE_FIGURE_DERIVED — NOT_OUR_RESULT — NOT_EXPERIMENT,-0.01097026778357483,0.000529180948508963,0.0037442116868798233,0.012634038283919688,WITHIN_ENVELOPE
MCV3,sigma,0.29696472518457756,-0.010705622932745315,0.003281378178835111,0.00033076074972436607,0.12095920617420056,183,158.0,SOURCE_FIGURE_DERIVED — NOT_OUR_RESULT — NOT_EXPERIMENT,,,,,EXCLUDED_NEAR_FRONT
CV,u,0.007352941176470588,-0.00010275027502750273,0.0032679738562091504,3.52035203520352e-06,0.0,6,174.0,SOURCE_FIGURE_DERIVED — NOT_OUR_RESULT — NOT_EXPERIMENT,-0.00041734341434827035,0.00031459313932076765,0.0030035203520352035,0.5020184017355429,WITHIN_ENVELOPE
CV,u,0.01388888888888889,-0.00010275027502750273,0.0032679738562091504,3.52035203520352e-06,0.0006642904290429044,10,174.0,SOURCE_FIGURE_DERIVED — NOT_OUR_RESULT — NOT_EXPERIMENT,-0.00034959646022831556,0.0002468461852008128,0.003005691235790246,0.39390982154469156,WITHIN_ENVELOPE
CV,u,0.2034313725490196,2.750275027502754e-05,0.0032679738562091504,3.52035203520352e-06,0.0006463366336633664,126,100.0,SOURCE_FIGURE_DERIVED — NOT_OUR_RESULT — NOT_EXPERIMENT,2.9270571705255835e-05,1.767821430228296e-06,0.0030056325632563255,0.0028210370094948365,WITHIN_ENVELOPE
CV,u,0.2099673202614379,2.3982398239824013e-05,0.0032679738562091504,3.52035203520352e-06,-0.0004039603960396043,130,102.0,SOURCE_FIGURE_DERIVED — NOT_OUR_RESULT — NOT_EXPERIMENT,2.662848000846794e-05,2.646081768643927e-06,0.003004840484048405,0.004222538810681848,WITHIN_ENVELOPE
CV,u,0.21650326797385622,2.222222222222225e-05,0.0032679738562091504,3.52035203520352e-06,-0.00035907590759075937,134,103.0,SOURCE_FIGURE_DERIVED — NOT_OUR_RESULT — NOT_EXPERIMENT,2.4092332089245177e-05,1.870109867022927e-06,0.003004693802713605,0.002984265863329787,WITHIN_ENVELOPE
CV,u,0.22957516339869283,1.694169416941696e-05,0.0032679738562091504,3.52035203520352e-06,-0.0004039603960396043,142,106.0,SOURCE_FIGURE_DERIVED — NOT_OUR_RESULT — NOT_EXPERIMENT,1.932837412192087e-05,2.386679952503909e-06,0.003004840484048405,0.0038085930856508617,WITHIN_ENVELOPE
MCV3,u,0.01388888888888889,-0.00031749174917491746,0.0032679738562091504,7.92079207920792e-06,0.010099009900990103,10,296.0,SOURCE_FIGURE_DERIVED — NOT_OUR_RESULT — NOT_EXPERIMENT,-0.0003358820945373783,1.839034536246087e-05,0.003040924092409241,0.029346767720874443,WITHIN_ENVELOPE
MCV3,u,0.02042483660130719,-0.0002514851485148514,0.0032679738562091504,5.28052805280528e-06,0.0103009900990099,14,258.5,SOURCE_FIGURE_DERIVED — NOT_OUR_RESULT — NOT_EXPERIMENT,-0.0002686520427901438,1.7166894275292372e-05,0.003038943894389439,0.027394420760263542,WITHIN_ENVELOPE
MCV3,u,0.02696078431372549,-0.0001828382838283828,0.0032679738562091504,7.04070407040704e-06,0.010300990099009902,18,219.5,SOURCE_FIGURE_DERIVED — NOT_OUR_RESULT — NOT_EXPERIMENT,-0.00020185770336395906,1.9019419535576257e-05,0.003040704070407041,0.03035062562967165,WITHIN_ENVELOPE
MCV3,u,0.03349673202614379,-0.00011683168316831678,0.0032679738562091504,4.4004400440044e-06,0.010099009900990096,22,182.0,SOURCE_FIGURE_DERIVED — NOT_OUR_RESULT — NOT_EXPERIMENT,-0.00013552887570412783,1.8697192535811053e-05,0.0030374037403740374,0.029836425339838796,WITHIN_ENVELOPE
MCV3,u,0.040032679738562095,-5.08250825082508e-05,0.0032679738562091504,3.52035203520352e-06,0.010300990099009897,26,144.5,SOURCE_FIGURE_DERIVED — NOT_OUR_RESULT — NOT_EXPERIMENT,-6.970052843692023e-05,1.8875445928669422e-05,0.0030371837183718374,0.03012087681764249,WITHIN_ENVELOPE
MCV3,u,0.04656862745098039,1.7821782178217843e-05,0.0032679738562091504,3.52035203520352e-06,0.010099009900990103,30,105.5,SOURCE_FIGURE_DERIVED — NOT_OUR_RESULT — NOT_EXPERIMENT,-4.413677340571404e-06,2.2235459518789247e-05,0.0030365236523652367,0.03548268685572397,WITHIN_ENVELOPE
MCV3,u,0.05310457516339869,8.118811881188121e-05,0.0032679738562091504,4.4004400440044e-06,0.008146534653465345,34,69.5,SOURCE_FIGURE_DERIVED — NOT_OUR_RESULT — NOT_EXPERIMENT,,,,,EXCLUDED_NEAR_FRONT
MCV3,u,0.059640522875817,0.00012431243124312434,0.0032679738562091504,4.4004400440044e-06,0.0029623762376237615,38,45.0,SOURCE_FIGURE_DERIVED — NOT_OUR_RESULT — NOT_EXPERIMENT,,,,,EXCLUDED_NEAR_FRONT
MCV3,u,0.0661764705882353,0.00011991199119911993,0.0032679738562091504,3.52035203520352e-06,-0.000807920792079208,42,47.5,SOURCE_FIGURE_DERIVED — NOT_OUR_RESULT — NOT_EXPERIMENT,,,,,EXCLUDED_NEAR_FRONT
MCV3,u,0.0727124183006536,0.00011375137513751377,0.0032679738562091504,3.52035203520352e-06,-0.0009425742574257433,46,51.0,SOURCE_FIGURE_DERIVED — NOT_OUR_RESULT — NOT_EXPERIMENT,0.00011379844615645204,4.707101893826988e-08,0.0030066006600660065,7.511453602095055e-05,WITHIN_ENVELOPE
MCV3,u,0.07924836601307189,0.0001075907590759076,0.0032679738562091504,3.52035203520352e-06,-0.0009425742574257433,50,54.5,SOURCE_FIGURE_DERIVED — NOT_OUR_RESULT — NOT_EXPERIMENT,0.00010707715626298838,5.13602812919224e-07,0.0030066006600660065,0.0008195921367684031,WITHIN_ENVELOPE
MCV3,u,0.0857843137254902,0.00010143014301430145,0.0032679738562091504,3.52035203520352e-06,-0.001043564356435643,54,58.0,SOURCE_FIGURE_DERIVED — NOT_OUR_RESULT — NOT_EXPERIMENT,0.00010060787814381474,8.222648704867089e-07,0.003006930693069307,0.001312145894142106,WITHIN_ENVELOPE
MCV3,u,0.1053921568627451,8.030803080308033e-05,0.0032679738562091504,3.52035203520352e-06,-0.0008528052805280526,66,70.0,SOURCE_FIGURE_DERIVED — NOT_OUR_RESULT — NOT_EXPERIMENT,8.267152667064467e-05,2.3634958675643398e-06,0.0030063072973964063,0.0037715966104823542,WITHIN_ENVELOPE
MCV3,u,0.14460784313725492,5.1265126512651285e-05,0.0032679738562091504,3.52035203520352e-06,-0.0007117397454031117,90,86.5,SOURCE_FIGURE_DERIVED — NOT_OUR_RESULT — NOT_EXPERIMENT,5.3044651377951986e-05,1.7795248653007013e-06,0.0030058462989156058,0.0028397130040907453,WITHIN_ENVELOPE
MCV3,u,0.15114379084967322,4.774477447744776e-05,0.0032679738562091504,3.52035203520352e-06,-0.0005386138613861382,94,88.5,SOURCE_FIGURE_DERIVED — NOT_OUR_RESULT — NOT_EXPERIMENT,4.8866348430644684e-05,1.1215739531969253e-06,0.0030052805280528054,0.0017897744516228414,WITHIN_ENVELOPE
MCV3,u,0.1576797385620915,4.422442244224426e-05,0.0032679738562091504,3.52035203520352e-06,-0.00047128712871287063,98,90.5,SOURCE_FIGURE_DERIVED — NOT_OUR_RESULT — NOT_EXPERIMENT,4.489326180991846e-05,6.688393676742031e-07,0.003005060506050605,0.0010673140269446715,WITHIN_ENVELOPE
MCV3,u,0.1642156862745098,4.1584158415841616e-05,0.0032679738562091504,3.52035203520352e-06,-0.0005386138613861391,102,92.0,SOURCE_FIGURE_DERIVED — NOT_OUR_RESULT — NOT_EXPERIMENT,4.1120872228248055e-05,4.632861875935603e-07,0.0030052805280528054,0.0007392983583304691,WITHIN_ENVELOPE
MCV3,u,0.1707516339869281,3.718371837183721e-05,0.0032679738562091504,3.52035203520352e-06,-0.0005386138613861391,106,94.5,SOURCE_FIGURE_DERIVED — NOT_OUR_RESULT — NOT_EXPERIMENT,3.754461741614572e-05,3.6089904430851283e-07,0.0030052805280528054,0.0005759119916054831,WITHIN_ENVELOPE
MCV3,u,0.1772875816993464,3.4543454345434564e-05,0.0032679738562091504,3.52035203520352e-06,-0.0004712871287128717,110,96.0,SOURCE_FIGURE_DERIVED — NOT_OUR_RESULT — NOT_EXPERIMENT,3.4159893079905414e-05,3.8356126552914954e-07,0.003005060506050605,0.0006120756921284027,WITHIN_ENVELOPE
MCV3,u,0.18382352941176472,3.102310231023104e-05,0.0032679738562091504,3.52035203520352e-06,-0.000538613861386137,114,98.0,SOURCE_FIGURE_DERIVED — NOT_OUR_RESULT — NOT_EXPERIMENT,3.0962054062350726e-05,6.104824788031216e-08,0.0030052805280528054,9.741898343937087e-05,WITHIN_ENVELOPE
MCV3,u,0.19035947712418302,2.750275027502754e-05,0.0032679738562091504,3.52035203520352e-06,-0.00047128712871287063,118,100.0,SOURCE_FIGURE_DERIVED — NOT_OUR_RESULT — NOT_EXPERIMENT,2.7946415708390566e-05,4.436654333630264e-07,0.003005060506050605,0.0007079881406285655,WITHIN_ENVELOPE
MCV3,u,0.1968954248366013,2.4862486248624895e-05,0.0032679738562091504,3.52035203520352e-06,-0.00040396039603960516,122,101.5,SOURCE_FIGURE_DERIVED — NOT_OUR_RESULT — NOT_EXPERIMENT,2.5108255436666398e-05,2.457691880415028e-07,0.003004840484048405,0.0003921911814187248,WITHIN_ENVELOPE
MCV3,u,0.2034313725490196,2.222222222222225e-05,0.0032679738562091504,3.52035203520352e-06,-0.0004039603960396043,126,103.0,SOURCE_FIGURE_DERIVED — NOT_OUR_RESULT — NOT_EXPERIMENT,2.2442814518037917e-05,2.205922958156662e-07,0.003004840484048405,0.00035201464348413506,WITHIN_ENVELOPE
MCV3,u,0.2099673202614379,1.9581958195819606e-05,0.0032679738562091504,3.52035203520352e-06,-0.00033663366336633693,130,104.5,SOURCE_FIGURE_DERIVED — NOT_OUR_RESULT — NOT_EXPERIMENT,1.9945300061099766e-05,3.633418652801605e-07,0.0030046204620462046,0.0005798101728644908,WITHIN_ENVELOPE
MCV3,u,0.21650326797385622,1.7821782178217843e-05,0.0032679738562091504,3.52035203520352e-06,-0.00033663366336633693,134,105.5,SOURCE_FIGURE_DERIVED — NOT_OUR_RESULT — NOT_EXPERIMENT,1.7610887204353138e-05,2.1089497386470485e-07,0.0030046204620462046,0.0003365399447114678,WITHIN_ENVELOPE
MCV3,u,0.22303921568627452,1.5181518151815199e-05,0.0032679738562091504,3.52035203520352e-06,-0.00033663366336633487,138,107.0,SOURCE_FIGURE_DERIVED — NOT_OUR_RESULT — NOT_EXPERIMENT,1.5434721514073336e-05,2.532033622581372e-07,0.0030046204620462046,0.0004040544161558722,WITHIN_ENVELOPE
MCV3,u,0.22957516339869283,1.3421342134213463e-05,0.0032679738562091504,3.52035203520352e-06,-0.00026930693069306805,142,108.0,SOURCE_FIGURE_DERIVED — NOT_OUR_RESULT — NOT_EXPERIMENT,1.3411921586318903e-05,9.420547894559503e-09,0.0030044004400440047,1.503303094184068e-05,WITHIN_ENVELOPE
MCV3,u,0.2361111111111111,1.16611661166117e-05,0.0032679738562091504,3.52035203520352e-06,-0.0002693069306930701,146,109.0,SOURCE_FIGURE_DERIVED — NOT_OUR_RESULT — NOT_EXPERIMENT,1.1537581850921963e-05,1.235842656897372e-07,0.0030044004400440047,0.00019721210600833638,WITHIN_ENVELOPE
MCV3,u,0.2426470588235294,9.900990099009937e-06,0.0032679738562091504,3.52035203520352e-06,-0.00026930693069306957,150,110.0,SOURCE_FIGURE_DERIVED — NOT_OUR_RESULT — NOT_EXPERIMENT,9.806775574683244e-06,9.421452432669261e-08,0.0030044004400440047,0.00015034474376930047,WITHIN_ENVELOPE
MCV3,u,0.24918300653594772,8.140814081408174e-06,0.0032679738562091504,3.52035203520352e-06,-0.00026930693069306897,154,111.0,SOURCE_FIGURE_DERIVED — NOT_OUR_RESULT — NOT_EXPERIMENT,8.214558060372156e-06,7.374397896398183e-08,0.0030044004400440047,0.00011767845458120503,WITHIN_ENVELOPE
MCV3,u,0.25571895424836605,6.380638063806411e-06,0.0032679738562091504,3.52035203520352e-06,-0.00020198019801980215,158,112.0,SOURCE_FIGURE_DERIVED — NOT_OUR_RESULT — NOT_EXPERIMENT,6.7559700375019854e-06,3.7533197369557443e-07,0.0030041804180418043,0.0005989436322792067,WITHIN_ENVELOPE
MCV3,u,0.2622549019607843,5.5005500550055295e-06,0.0032679738562091504,3.52035203520352e-06,-0.0002693069306930707,162,112.5,SOURCE_FIGURE_DERIVED — NOT_OUR_RESULT — NOT_EXPERIMENT,5.426041240216445e-06,7.450881478908476e-08,0.0030044004400440047,0.00011889895690791583,WITHIN_ENVELOPE
MCV3,u,0.2687908496732026,2.860286028602885e-06,0.0032679738562091504,3.52035203520352e-06,-0.00033663366336633693,166,114.0,SOURCE_FIGURE_DERIVED — NOT_OUR_RESULT — NOT_EXPERIMENT,4.219794166986564e-06,1.3595081383836788e-06,0.0030046204620462046,0.0021694627678512223,WITHIN_ENVELOPE
MCV3,u,0.27532679738562094,1.1001100110011222e-06,0.0032679738562091504,3.52035203520352e-06,-0.00013465346534653478,170,115.0,SOURCE_FIGURE_DERIVED — NOT_OUR_RESULT — NOT_EXPERIMENT,3.1322480161796213e-06,2.032138005178499e-06,0.003003960396039604,0.003242825560876492,WITHIN_ENVELOPE
MCV3,u,0.2818627450980392,1.1001100110011222e-06,0.0032679738562091504,3.52035203520352e-06,-0.00013465346534653478,174,115.0,SOURCE_FIGURE_DERIVED — NOT_OUR_RESULT — NOT_EXPERIMENT,2.1584227909247074e-06,1.0583127799235852e-06,0.003003960396039604,0.0016888241474707353,WITHIN_ENVELOPE
MCV3,u,0.28839869281045755,-6.600660066006408e-07,0.0032679738562091504,3.52035203520352e-06,-0.0002693069306930684,178,116.0,SOURCE_FIGURE_DERIVED — NOT_OUR_RESULT — NOT_EXPERIMENT,1.2933435660662569e-06,1.9534095726668976e-06,0.0030044004400440047,0.0031171930631495788,WITHIN_ENVELOPE
