archive_path,bytes,compressed_bytes
FEM4_final_package/manuscript/main_final.tex,126209,38652
FEM4_final_package/manuscript/main_final.bbl,19731,6489
FEM4_final_package/manuscript/MANUSCRIPT_REFERENCES.bib,20217,5709
FEM4_final_package/manuscript/main_final.pdf,970442,914846
FEM4_final_package/manuscript/FINAL_COMPLETE_MASTER_CALCULATION.tex,125342,34566
FEM4_final_package/manuscript/Fig01_model.eps,96898,30181
FEM4_final_package/manuscript/Fig01_model-eps-converted-to.pdf,45553,44463
FEM4_final_package/manuscript/Fig02_fields.eps,116920,91118
FEM4_final_package/manuscript/Fig02_fields-eps-converted-to.pdf,54950,40675
FEM4_final_package/manuscript/Fig03_validation_R3.eps,66230,19881
FEM4_final_package/manuscript/Fig03_validation_R3-eps-converted-to.pdf,20991,19521
FEM4_final_package/manuscript/Fig04_lambda_R3.eps,76993,19228
FEM4_final_package/manuscript/Fig04_lambda_R3-eps-converted-to.pdf,24242,22687
FEM4_final_package/manuscript/Fig05_slenderness.eps,97823,76838
FEM4_final_package/manuscript/Fig05_slenderness-eps-converted-to.pdf,96673,87795
FEM4_final_package/manuscript/Fig06_energy.eps,93646,73432
FEM4_final_package/manuscript/Fig06_energy-eps-converted-to.pdf,61674,47036
FEM4_final_package/manuscript/Fig07_hcrit.eps,109477,32610
FEM4_final_package/manuscript/Fig07_hcrit-eps-converted-to.pdf,62421,61331
FEM4_final_package/manuscript/Fig08_boundary_R3.eps,49818,14499
FEM4_final_package/manuscript/Fig08_boundary_R3-eps-converted-to.pdf,15752,14211
FEM4_final_package/manuscript/Fig09_conditioning.eps,83273,21632
FEM4_final_package/manuscript/Fig09_conditioning-eps-converted-to.pdf,48524,47407
FEM4_final_package/manuscript/Fig10_meshconv.eps,86908,25192
FEM4_final_package/manuscript/Fig10_meshconv-eps-converted-to.pdf,28780,27175
FEM4_final_package/program/paper_figures/PAPER_V9_FIGURES/0_START_HERE.md,2646,1317
FEM4_final_package/program/paper_figures/PAPER_V9_FIGURES/FIGURE_SETTINGS.m,1342,762
FEM4_final_package/program/paper_figures/PAPER_V9_FIGURES/FINAL_9_FIGURE_PLAN.md,4278,1784
FEM4_final_package/program/paper_figures/PAPER_V9_FIGURES/README.md,1890,1111
FEM4_final_package/program/paper_figures/PAPER_V9_FIGURES/check_data.m,1373,637
FEM4_final_package/program/paper_figures/PAPER_V9_FIGURES/data/ASPECT_RATIO_FINAL_CONVERGENCE.csv,714,328
FEM4_final_package/program/paper_figures/PAPER_V9_FIGURES/data/ASPECT_RATIO_MESH_CONVERGENCE.csv,1143,512
FEM4_final_package/program/paper_figures/PAPER_V9_FIGURES/data/ASPECT_RATIO_TENSOR_CAUSALITY.csv,856,421
FEM4_final_package/program/paper_figures/PAPER_V9_FIGURES/data/CONDITIONING_TRUE_GEOMETRY_RESULTS.csv,1394,540
FEM4_final_package/program/paper_figures/PAPER_V9_FIGURES/data/ETAEM_ELEMENT_ENERGY_LOCALIZATION.csv,1101,477
FEM4_final_package/program/paper_figures/PAPER_V9_FIGURES/data/ETAEM_HIGH_SLENDERNESS_MESH_STUDY.csv,2539,1016
FEM4_final_package/program/paper_figures/PAPER_V9_FIGURES/data/README.txt,124,100
FEM4_final_package/program/paper_figures/PAPER_V9_FIGURES/data/actuator_response.csv,233,138
FEM4_final_package/program/paper_figures/PAPER_V9_FIGURES/data/aspect_ratio_study.csv,2427,907
FEM4_final_package/program/paper_figures/PAPER_V9_FIGURES/data/boundary_condition_study.csv,204,125
FEM4_final_package/program/paper_figures/PAPER_V9_FIGURES/data/conditioning_reconciliation.csv,451,250
FEM4_final_package/program/paper_figures/PAPER_V9_FIGURES/data/convergence_study.csv,387,146
FEM4_final_package/program/paper_figures/PAPER_V9_FIGURES/data/field_export.csv,75746,19075
FEM4_final_package/program/paper_figures/PAPER_V9_FIGURES/data/forensic/elem_Lh40_Ny16.csv,126720,23329
FEM4_final_package/program/paper_figures/PAPER_V9_FIGURES/data/forensic/rows_Lh40_Ny16.csv,704,208
FEM4_final_package/program/paper_figures/PAPER_V9_FIGURES/data/forensic/rows_Lh40_Ny32.csv,1408,380
FEM4_final_package/program/paper_figures/PAPER_V9_FIGURES/data/forensic/rows_Lh40_Ny8.csv,352,114
FEM4_final_package/program/paper_figures/PAPER_V9_FIGURES/data/hcrit_study.csv,596,154
FEM4_final_package/program/paper_figures/PAPER_V9_FIGURES/data/lambda_study.csv,602,316
FEM4_final_package/program/paper_figures/PAPER_V9_FIGURES/data/tier2_benchmark.csv,263,182
FEM4_final_package/program/paper_figures/PAPER_V9_FIGURES/data/lambda_study_refined.csv,815,414
FEM4_final_package/program/paper_figures/PAPER_V9_FIGURES/figures/README.txt,105,88
FEM4_final_package/program/paper_figures/PAPER_V9_FIGURES/generate_all_paper_figures.m,763,393
FEM4_final_package/program/paper_figures/PAPER_V9_FIGURES/helpers/data_dir.m,1354,608
FEM4_final_package/program/paper_figures/PAPER_V9_FIGURES/helpers/diverging_map.m,413,251
FEM4_final_package/program/paper_figures/PAPER_V9_FIGURES/helpers/eta_records.m,1324,589
FEM4_final_package/program/paper_figures/PAPER_V9_FIGURES/helpers/export_figure.m,1099,507
FEM4_final_package/program/paper_figures/PAPER_V9_FIGURES/helpers/load_csv.m,912,504
FEM4_final_package/program/paper_figures/PAPER_V9_FIGURES/helpers/load_fields.m,512,273
FEM4_final_package/program/paper_figures/PAPER_V9_FIGURES/helpers/okabe.m,425,260
FEM4_final_package/program/paper_figures/PAPER_V9_FIGURES/helpers/panel_label.m,507,325
FEM4_final_package/program/paper_figures/PAPER_V9_FIGURES/helpers/paper_figure.m,607,294
FEM4_final_package/program/paper_figures/PAPER_V9_FIGURES/helpers/paper_style.m,1407,492
FEM4_final_package/program/paper_figures/PAPER_V9_FIGURES/helpers/seq_map.m,373,226
FEM4_final_package/program/paper_figures/PAPER_V9_FIGURES/helpers/setup_paper.m,278,178
FEM4_final_package/program/paper_figures/PAPER_V9_FIGURES/plot_paper_fig01.m,4098,1454
FEM4_final_package/program/paper_figures/PAPER_V9_FIGURES/plot_paper_fig02.m,2577,1037
FEM4_final_package/program/paper_figures/PAPER_V9_FIGURES/plot_paper_fig03.m,3295,1385
FEM4_final_package/program/paper_figures/PAPER_V9_FIGURES/plot_paper_fig04.m,2205,1004
FEM4_final_package/program/paper_figures/PAPER_V9_FIGURES/plot_paper_fig05.m,3327,1341
FEM4_final_package/program/paper_figures/PAPER_V9_FIGURES/plot_paper_fig06.m,3449,1223
FEM4_final_package/program/paper_figures/PAPER_V9_FIGURES/plot_paper_fig07.m,2097,938
FEM4_final_package/program/paper_figures/PAPER_V9_FIGURES/plot_paper_fig08.m,1752,838
FEM4_final_package/program/paper_figures/PAPER_V9_FIGURES/plot_paper_fig09.m,1801,838
FEM4_final_package/program/paper_figures/PAPER_V9_FIGURES/reports/FIGURE_MAPPING.md,2703,1244
FEM4_final_package/program/paper_figures/PAPER_V9_FIGURES/reports/FINAL_FIGURE_SCIENTIFIC_AUDIT.md,3175,1758
FEM4_final_package/program/paper_figures/gen_fixed_figures.py,5109,2065
FEM4_final_package/program/paper_figures/gen_meshconv_figure.py,4252,2030
FEM4_final_package/program/paper_figures/gen_lambda_refined_figure.py,5319,2205
FEM4_final_package/program/MATLAB_COMPLETE_PROGRAM/ASPECT_RATIO_ENERGY_CROSSCHECK.csv,270,154
FEM4_final_package/program/MATLAB_COMPLETE_PROGRAM/data/README.txt,489,304
FEM4_final_package/program/MATLAB_COMPLETE_PROGRAM/data/load_master_dataset.m,2646,1174
FEM4_final_package/program/MATLAB_COMPLETE_PROGRAM/ASPECT_RATIO_FINAL_CONVERGENCE.csv,714,328
FEM4_final_package/program/MATLAB_COMPLETE_PROGRAM/ASPECT_RATIO_FINAL_RESULTS.csv,1463,662
FEM4_final_package/program/MATLAB_COMPLETE_PROGRAM/ASPECT_RATIO_MESH_CONVERGENCE.csv,1143,512
FEM4_final_package/program/MATLAB_COMPLETE_PROGRAM/ASPECT_RATIO_TENSOR_CAUSALITY.csv,856,421
FEM4_final_package/program/MATLAB_COMPLETE_PROGRAM/ASPECT_RATIO_TRACEABILITY.csv,2172,674
FEM4_final_package/program/MATLAB_COMPLETE_PROGRAM/CONDITIONING_RECONCILIATION_REPORT.md,6104,2868
FEM4_final_package/program/MATLAB_COMPLETE_PROGRAM/FINAL_ASPECT_RATIO_CLOSURE_AUDIT.md,12308,5515
FEM4_final_package/program/MATLAB_COMPLETE_PROGRAM/FINAL_ASPECT_RATIO_FORENSIC_CLOSURE.md,10185,4517
FEM4_final_package/program/MATLAB_COMPLETE_PROGRAM/FINAL_EXECUTION_REPORT.md,4717,2470
FEM4_final_package/program/MATLAB_COMPLETE_PROGRAM/FINAL_FIGURE_AUDIT_REPORT.md,8646,4313
FEM4_final_package/program/MATLAB_COMPLETE_PROGRAM/FINAL_FIGURE_CORRECTION_REPORT.md,5806,2874
FEM4_final_package/program/MATLAB_COMPLETE_PROGRAM/FINAL_FOUR_STUDIES_SCIENTIFIC_AUDIT.md,14868,6328
FEM4_final_package/program/MATLAB_COMPLETE_PROGRAM/FINAL_MATLAB_SCIENTIFIC_CLOSURE_AUDIT.md,7689,3596
FEM4_final_package/program/MATLAB_COMPLETE_PROGRAM/FINAL_PROJECT_CLOSURE_REPORT.md,16035,6591
FEM4_final_package/program/MATLAB_COMPLETE_PROGRAM/FOUR_STUDIES_TRACEABILITY.csv,2115,1023
FEM4_final_package/program/MATLAB_COMPLETE_PROGRAM/MATLAB_CALCULATION_CROSSCHECK.csv,2717,1047
FEM4_final_package/program/MATLAB_COMPLETE_PROGRAM/MATLAB_EQUATION_TRACEABILITY.md,8888,3143
FEM4_final_package/program/MATLAB_COMPLETE_PROGRAM/MATLAB_IMPLEMENTATION_AUDIT.md,13105,5949
FEM4_final_package/program/MATLAB_COMPLETE_PROGRAM/MATLAB_MASTER_CROSS_AUDIT.md,20431,8876
FEM4_final_package/program/MATLAB_COMPLETE_PROGRAM/README.md,7950,3760
FEM4_final_package/program/MATLAB_COMPLETE_PROGRAM/benchmarks/benchmark_tier1.m,3859,1832
FEM4_final_package/program/MATLAB_COMPLETE_PROGRAM/benchmarks/benchmark_tier2.m,5195,2243
FEM4_final_package/program/MATLAB_COMPLETE_PROGRAM/benchmarks/benchmark_tier3_actuator.m,6647,2834
FEM4_final_package/program/MATLAB_COMPLETE_PROGRAM/benchmarks/benchmark_tier3_sensor.m,2789,1313
FEM4_final_package/program/MATLAB_COMPLETE_PROGRAM/config/material_BaTiO3.m,2190,1038
FEM4_final_package/program/MATLAB_COMPLETE_PROGRAM/config/material_PZT5H.m,2383,1176
FEM4_final_package/program/MATLAB_COMPLETE_PROGRAM/config/material_Shekarchizadeh.m,1520,765
FEM4_final_package/program/MATLAB_COMPLETE_PROGRAM/config/simulation_parameters.m,1621,869
FEM4_final_package/program/MATLAB_COMPLETE_PROGRAM/constitutive/constitutive_C.m,556,350
FEM4_final_package/program/MATLAB_COMPLETE_PROGRAM/constitutive/constitutive_D.m,947,476
FEM4_final_package/program/MATLAB_COMPLETE_PROGRAM/constitutive/dielectric_kappa.m,300,231
FEM4_final_package/program/MATLAB_COMPLETE_PROGRAM/constitutive/flexoelectric_mu.m,894,492
FEM4_final_package/program/MATLAB_COMPLETE_PROGRAM/constitutive/piezoelectric_e.m,512,320
FEM4_final_package/program/MATLAB_COMPLETE_PROGRAM/export_table.m,1067,507
FEM4_final_package/program/MATLAB_COMPLETE_PROGRAM/fem/B_e_matrix.m,816,464
FEM4_final_package/program/MATLAB_COMPLETE_PROGRAM/fem/B_eta_matrix.m,1122,508
FEM4_final_package/program/MATLAB_COMPLETE_PROGRAM/fem/B_phi_matrix.m,674,407
FEM4_final_package/program/MATLAB_COMPLETE_PROGRAM/fem/apply_boundary_conditions.m,1113,575
FEM4_final_package/program/MATLAB_COMPLETE_PROGRAM/fem/apply_tip_load.m,1229,689
FEM4_final_package/program/MATLAB_COMPLETE_PROGRAM/fem/assembly.m,1714,786
FEM4_final_package/program/MATLAB_COMPLETE_PROGRAM/fem/bfs_shape_derivatives.m,2617,1027
FEM4_final_package/program/MATLAB_COMPLETE_PROGRAM/fem/bfs_shape_functions.m,1420,720
FEM4_final_package/program/MATLAB_COMPLETE_PROGRAM/fem/element_coupling.m,892,512
FEM4_final_package/program/MATLAB_COMPLETE_PROGRAM/fem/element_electrical.m,749,456
FEM4_final_package/program/MATLAB_COMPLETE_PROGRAM/fem/element_stiffness.m,812,495
FEM4_final_package/program/MATLAB_COMPLETE_PROGRAM/fem/gauss_legendre_4x4.m,768,470
FEM4_final_package/program/MATLAB_COMPLETE_PROGRAM/fem/gauss_legendre_n.m,993,585
FEM4_final_package/program/MATLAB_COMPLETE_PROGRAM/fem/generate_mesh.m,1441,706
FEM4_final_package/program/MATLAB_COMPLETE_PROGRAM/fem/hermite_cubic.m,958,440
FEM4_final_package/program/MATLAB_COMPLETE_PROGRAM/fem/make_cantilever_bc.m,1194,673
FEM4_final_package/program/MATLAB_COMPLETE_PROGRAM/fem/solve_system.m,6690,2234
FEM4_final_package/program/MATLAB_COMPLETE_PROGRAM/generate_all_figures.m,3380,1193
FEM4_final_package/program/MATLAB_COMPLETE_PROGRAM/main.m,2050,844
FEM4_final_package/program/MATLAB_COMPLETE_PROGRAM/output/CONDITIONING_TRUE_GEOMETRY_RESULTS.csv,1394,540
FEM4_final_package/program/MATLAB_COMPLETE_PROGRAM/output/CONDITIONING_TRUE_GEOMETRY_RESULTS.mat,1706,679
FEM4_final_package/program/MATLAB_COMPLETE_PROGRAM/output/README.txt,586,346
FEM4_final_package/program/MATLAB_COMPLETE_PROGRAM/output/actuator_response.csv,233,138
FEM4_final_package/program/MATLAB_COMPLETE_PROGRAM/output/actuator_response.mat,440,232
FEM4_final_package/program/MATLAB_COMPLETE_PROGRAM/output/aspect_ratio_study.csv,2427,907
FEM4_final_package/program/MATLAB_COMPLETE_PROGRAM/output/aspect_ratio_study.mat,4633,1514
FEM4_final_package/program/MATLAB_COMPLETE_PROGRAM/output/boundary_condition_study.csv,204,125
FEM4_final_package/program/MATLAB_COMPLETE_PROGRAM/output/boundary_condition_study.mat,694,323
FEM4_final_package/program/MATLAB_COMPLETE_PROGRAM/output/conditioning_reconciliation.csv,451,250
FEM4_final_package/program/MATLAB_COMPLETE_PROGRAM/output/conditioning_reconciliation.mat,1311,544
FEM4_final_package/program/MATLAB_COMPLETE_PROGRAM/output/convergence_study.csv,387,146
FEM4_final_package/program/MATLAB_COMPLETE_PROGRAM/output/convergence_study.mat,915,361
FEM4_final_package/program/MATLAB_COMPLETE_PROGRAM/output/field_export.csv,75746,19075
FEM4_final_package/program/MATLAB_COMPLETE_PROGRAM/output/field_export.mat,82615,21489
FEM4_final_package/program/MATLAB_COMPLETE_PROGRAM/output/forensic/cols_Lh40_Ny16.csv,5280,1568
FEM4_final_package/program/MATLAB_COMPLETE_PROGRAM/output/forensic/cols_Lh40_Ny32.csv,5280,1563
FEM4_final_package/program/MATLAB_COMPLETE_PROGRAM/output/forensic/cols_Lh40_Ny8.csv,5280,1571
FEM4_final_package/program/MATLAB_COMPLETE_PROGRAM/output/forensic/elem_Lh40_Ny16.csv,126720,23329
FEM4_final_package/program/MATLAB_COMPLETE_PROGRAM/output/forensic/elem_Lh40_Ny32.csv,253440,47892
FEM4_final_package/program/MATLAB_COMPLETE_PROGRAM/output/forensic/elem_Lh40_Ny8.csv,63360,11467
FEM4_final_package/program/MATLAB_COMPLETE_PROGRAM/output/forensic/rows_Lh40_Ny16.csv,704,208
FEM4_final_package/program/MATLAB_COMPLETE_PROGRAM/output/forensic/rows_Lh40_Ny32.csv,1408,380
FEM4_final_package/program/MATLAB_COMPLETE_PROGRAM/output/forensic/rows_Lh40_Ny8.csv,352,114
FEM4_final_package/program/MATLAB_COMPLETE_PROGRAM/output/hcrit_study.csv,596,154
FEM4_final_package/program/MATLAB_COMPLETE_PROGRAM/output/hcrit_study.mat,780,328
FEM4_final_package/program/MATLAB_COMPLETE_PROGRAM/output/lambda_study.csv,602,316
FEM4_final_package/program/MATLAB_COMPLETE_PROGRAM/output/lambda_study.mat,990,517
FEM4_final_package/program/MATLAB_COMPLETE_PROGRAM/output/tier2_benchmark.csv,263,182
FEM4_final_package/program/MATLAB_COMPLETE_PROGRAM/output/tier2_benchmark.mat,633,307
FEM4_final_package/program/MATLAB_COMPLETE_PROGRAM/output/lambda_study_refined.csv,815,414
FEM4_final_package/program/MATLAB_COMPLETE_PROGRAM/output/lambda_study_refined.mat,1300,635
FEM4_final_package/program/MATLAB_COMPLETE_PROGRAM/plotting/add_panel_label.m,282,207
FEM4_final_package/program/MATLAB_COMPLETE_PROGRAM/plotting/fig_color.m,536,330
FEM4_final_package/program/MATLAB_COMPLETE_PROGRAM/plotting/fig_colormap.m,538,343
FEM4_final_package/program/MATLAB_COMPLETE_PROGRAM/plotting/fig_defaults.m,690,367
FEM4_final_package/program/MATLAB_COMPLETE_PROGRAM/plotting/label_axes.m,241,143
FEM4_final_package/program/MATLAB_COMPLETE_PROGRAM/plotting/plot_aspect_ratio.m,1651,830
FEM4_final_package/program/MATLAB_COMPLETE_PROGRAM/plotting/plot_boundary_conditions.m,1488,733
FEM4_final_package/program/MATLAB_COMPLETE_PROGRAM/plotting/plot_conditioning.m,1274,693
FEM4_final_package/program/MATLAB_COMPLETE_PROGRAM/plotting/plot_fields.m,2054,882
FEM4_final_package/program/MATLAB_COMPLETE_PROGRAM/plotting/plot_geometry.m,2379,1055
FEM4_final_package/program/MATLAB_COMPLETE_PROGRAM/plotting/plot_hcrit.m,1568,759
FEM4_final_package/program/MATLAB_COMPLETE_PROGRAM/plotting/plot_lambda.m,796,493
FEM4_final_package/program/MATLAB_COMPLETE_PROGRAM/plotting/plot_tier3.m,846,520
FEM4_final_package/program/MATLAB_COMPLETE_PROGRAM/plotting/plot_validation.m,2980,1258
FEM4_final_package/program/MATLAB_COMPLETE_PROGRAM/plotting/prepare_figure.m,722,455
FEM4_final_package/program/MATLAB_COMPLETE_PROGRAM/plotting/style_axes.m,371,249
FEM4_final_package/program/MATLAB_COMPLETE_PROGRAM/run_full_scientific_regression.m,4177,1337
FEM4_final_package/program/MATLAB_COMPLETE_PROGRAM/scaling/characteristic_lengths.m,858,475
FEM4_final_package/program/MATLAB_COMPLETE_PROGRAM/scaling/condition_number.m,851,477
FEM4_final_package/program/MATLAB_COMPLETE_PROGRAM/scaling/dof_scaling_vector.m,2122,966
FEM4_final_package/program/MATLAB_COMPLETE_PROGRAM/scaling/nondimensionalize.m,1408,625
FEM4_final_package/program/MATLAB_COMPLETE_PROGRAM/scaling/precondition_system.m,778,456
FEM4_final_package/program/MATLAB_COMPLETE_PROGRAM/studies/aspect_ratio_study.m,6507,2944
FEM4_final_package/program/MATLAB_COMPLETE_PROGRAM/studies/convergence_study.m,4767,2093
FEM4_final_package/program/MATLAB_COMPLETE_PROGRAM/studies/boundary_condition_study.m,3949,1804
FEM4_final_package/program/MATLAB_COMPLETE_PROGRAM/studies/conditioning_reconciliation.m,6716,2629
FEM4_final_package/program/MATLAB_COMPLETE_PROGRAM/studies/corrective/corrective_conditioning_true_geometry.m,5711,2203
FEM4_final_package/program/MATLAB_COMPLETE_PROGRAM/studies/corrective/corrective_etaem_fullrow.m,1871,932
FEM4_final_package/program/MATLAB_COMPLETE_PROGRAM/studies/corrective/corrective_etaem_mesh_study.m,5350,2327
FEM4_final_package/program/MATLAB_COMPLETE_PROGRAM/studies/corrective/corrective_etaem_onepair.m,1984,980
FEM4_final_package/program/MATLAB_COMPLETE_PROGRAM/studies/corrective/etaem_forensic/etaem_dump_profiles.m,2207,1105
FEM4_final_package/program/MATLAB_COMPLETE_PROGRAM/studies/corrective/etaem_forensic/etaem_element_localization.m,3829,1718
FEM4_final_package/program/MATLAB_COMPLETE_PROGRAM/studies/corrective/etaem_forensic/etaem_field_probe.m,2360,1162
FEM4_final_package/program/MATLAB_COMPLETE_PROGRAM/studies/field_export.m,2998,1442
FEM4_final_package/program/MATLAB_COMPLETE_PROGRAM/studies/hcrit_study.m,4601,2018
FEM4_final_package/program/MATLAB_COMPLETE_PROGRAM/studies/lambda_study.m,3251,1576
FEM4_final_package/program/MATLAB_COMPLETE_PROGRAM/studies/lambda_study_refined.m,3176,1476
FEM4_final_package/program/MATLAB_COMPLETE_PROGRAM/verification/crosscheck_calculation.m,6309,2546
FEM4_final_package/program/MATLAB_COMPLETE_PROGRAM/verification/verify_B_fd.m,3039,1312
FEM4_final_package/program/MATLAB_COMPLETE_PROGRAM/verification/final_independent_calculations.csv,666,296
FEM4_final_package/program/MATLAB_COMPLETE_PROGRAM/verification/final_independent_calculations.m,8690,3697
FEM4_final_package/program/MATLAB_COMPLETE_PROGRAM/verification/verify_BFS_cardinality.m,3987,1379
FEM4_final_package/program/MATLAB_COMPLETE_PROGRAM/verification/verify_B_matrices.m,6693,2131
FEM4_final_package/program/MATLAB_COMPLETE_PROGRAM/verification/verify_D_voigt.m,3231,1304
FEM4_final_package/program/MATLAB_COMPLETE_PROGRAM/verification/verify_conditioning.m,4184,1941
FEM4_final_package/program/MATLAB_COMPLETE_PROGRAM/verification/verify_definiteness.m,5660,2322
FEM4_final_package/program/MATLAB_COMPLETE_PROGRAM/verification/verify_dimensions.m,3869,1634
FEM4_final_package/program/MATLAB_COMPLETE_PROGRAM/verification/verify_energy_balance.m,4987,1987
FEM4_final_package/program/MATLAB_COMPLETE_PROGRAM/verification/verify_energy_multimesh.m,2668,1218
FEM4_final_package/program/MATLAB_COMPLETE_PROGRAM/verification/verify_limiting_cases.m,5741,2513
FEM4_final_package/program/MATLAB_COMPLETE_PROGRAM/verification/verify_quadrature.m,2286,1092
FEM4_final_package/program/MATLAB_COMPLETE_PROGRAM/verification/verify_quadrature_blocks.m,2876,1357
FEM4_final_package/program/MATLAB_COMPLETE_PROGRAM/verification/verify_randomized_D.m,2682,1232
FEM4_final_package/program/MATLAB_COMPLETE_PROGRAM/verification/verify_randomized_strong_form.m,3143,1238
FEM4_final_package/program/MATLAB_COMPLETE_PROGRAM/verification/verify_strong_form.m,8187,3067
FEM4_final_package/program/MATLAB_COMPLETE_PROGRAM/verification/verify_symmetry.m,2914,1299
FEM4_final_package/program/0_START_HERE_RUN_GUIDE.md,7232,3419
FEM4_final_package/README.md,9049,4231
FEM4_final_package/CHANGELOG.md,5115,2542
