path,lines,primary_function,local_functions,sha256
program/MATLAB_COMPLETE_PROGRAM/benchmarks/benchmark_tier1.m,84,benchmark_tier1,simple_shear_u,8f796175c2efeb4bd180634ce26eba8415717e8c694ab3f2d023d85de5029332
program/MATLAB_COMPLETE_PROGRAM/benchmarks/benchmark_tier2.m,108,benchmark_tier2,,d17ddfd0c86b1bf305fb0be52889c1f566d1a8ed9ef2079a57c660748fb73556
program/MATLAB_COMPLETE_PROGRAM/benchmarks/benchmark_tier3_actuator.m,112,benchmark_tier3_actuator,,acb534e839dda958ab23f6031ec13480818687b4745f1ecab3bc9f02f3fa4049
program/MATLAB_COMPLETE_PROGRAM/benchmarks/benchmark_tier3_sensor.m,61,benchmark_tier3_sensor,sensor_voltage,f8a7fd53dd5f02715ef8557b398595e2990068047aaa55ec91ac6a49d00cb284
program/MATLAB_COMPLETE_PROGRAM/config/material_BaTiO3.m,43,material_BaTiO3,,d0346272a2ca3f7193a386e8c77356e2736761ad8ab390257c37c37e7b5244ed
program/MATLAB_COMPLETE_PROGRAM/config/material_PZT5H.m,48,material_PZT5H,,841627d0c14b01507e58bc2fa8a00e2d28dc46b3ff134e07f14910e82be97896
program/MATLAB_COMPLETE_PROGRAM/config/material_Shekarchizadeh.m,35,material_Shekarchizadeh,,83feceab705bddf71aa7871378957798891ffd2c4d3d71373b4a9a57fc644498
program/MATLAB_COMPLETE_PROGRAM/config/simulation_parameters.m,30,simulation_parameters,,59803ba6390e6c785a06060accc3551462689eabf182762faf82a235733e3335
program/MATLAB_COMPLETE_PROGRAM/constitutive/constitutive_C.m,18,constitutive_C,,0a39c84fda2c224d1cb68b2a5b56ead16bdbe7010893159fbf20db2d7a39e4a2
program/MATLAB_COMPLETE_PROGRAM/constitutive/constitutive_D.m,31,constitutive_D,,85723737f05a03b6f2fa5b70a638b756aa0790fe079ec8c2c34d8d8b23c890d0
program/MATLAB_COMPLETE_PROGRAM/constitutive/dielectric_kappa.m,9,dielectric_kappa,,2e9c2813d3b07fab1a6d264649980007ca16dd940b845cbb72ebcc10d93ec7ae
program/MATLAB_COMPLETE_PROGRAM/constitutive/flexoelectric_mu.m,19,flexoelectric_mu,,26ce3ad2566372b99f28eeca1d7f56f5a11a0dfb0cc26b2210c429ac5df30de1
program/MATLAB_COMPLETE_PROGRAM/constitutive/piezoelectric_e.m,16,piezoelectric_e,,092204c49b1baf797260beb87fd0de90822f7cdd723d58568d00392604ddd603
program/MATLAB_COMPLETE_PROGRAM/data/load_master_dataset.m,55,load_master_dataset,,f7130f156d7a30973996caf7f80053bc434d1e6b969c2f2c582fef4eff8eaa7f
program/MATLAB_COMPLETE_PROGRAM/export_table.m,34,export_table,,4f1716b9a9b92083dce294e9e6ee8c924930cff60c0a623ed7c13494ad6ff2d2
program/MATLAB_COMPLETE_PROGRAM/fem/B_e_matrix.m,27,B_e_matrix,,f13364c6e5992531299a1dbe92c610efa725b5516a3f511756405ac648327d56
program/MATLAB_COMPLETE_PROGRAM/fem/B_eta_matrix.m,33,B_eta_matrix,,b60ce3a67b22e719cbc5c1fa76682c60ab2022ffcb9952d601032a360f48cd16
program/MATLAB_COMPLETE_PROGRAM/fem/B_phi_matrix.m,20,B_phi_matrix,,68320f88fcacb73af66e1f03cfa89cfce5a54c09f8b142b99c05ebef94710f9e
program/MATLAB_COMPLETE_PROGRAM/fem/apply_boundary_conditions.m,32,apply_boundary_conditions,,929fb0122e5503e3d92a3f8df541ba5a3968275ea9001e855071238865060f5b
program/MATLAB_COMPLETE_PROGRAM/fem/apply_tip_load.m,31,apply_tip_load,,a3adbf129b3fe0609e31692abfdeab5161d9bd6592f8541170e045c125117819
program/MATLAB_COMPLETE_PROGRAM/fem/assembly.m,46,assembly,,8e5f3010f681e4744979485930029d6cc603c8e500695e4d5f1a6bc748c6fcdf
program/MATLAB_COMPLETE_PROGRAM/fem/bfs_shape_derivatives.m,65,bfs_shape_derivatives,node_hermite_index; pick,98e288548fd4a4a01643449487f62596444520d3df6df062a2d33e8de9688fb0
program/MATLAB_COMPLETE_PROGRAM/fem/bfs_shape_functions.m,41,bfs_shape_functions,node_hermite_index; pick,6888bd2a5793463c3f706c4fbe0b5652eb90239bf70ecf884755e1fdfbaf504a
program/MATLAB_COMPLETE_PROGRAM/fem/element_coupling.m,26,element_coupling,,307a51837badf660f5dbe747f9b5fd64fb483bf98976b31ec349e103068ba334
program/MATLAB_COMPLETE_PROGRAM/fem/element_electrical.m,24,element_electrical,,7ddbd03d6b1f027a8b5587bee1ad5b0f8376efbc905dc021b9c380d2218be3a9
program/MATLAB_COMPLETE_PROGRAM/fem/element_stiffness.m,24,element_stiffness,,019116a7030efb0c2d077aed2337b888c64ffdc5033bddca29ccb512144a1164
program/MATLAB_COMPLETE_PROGRAM/fem/gauss_legendre_4x4.m,16,gauss_legendre_4x4,,85aad8ada5aa72c03635af1f47955fc4ea3f9a9f48cdab13185d72f1a0834104
program/MATLAB_COMPLETE_PROGRAM/fem/gauss_legendre_n.m,32,gauss_legendre_n,legendre_poly,d4f0d5fab23f1e4b463b6459225e9f7e79b48fe360bb20e1baeaac4d1368b616
program/MATLAB_COMPLETE_PROGRAM/fem/generate_mesh.m,42,generate_mesh,,fcb4dd2ff8ebacad398e3c0c3a12d603720cc96b0891211fb5b3811c07a80cd6
program/MATLAB_COMPLETE_PROGRAM/fem/hermite_cubic.m,26,hermite_cubic,,a603891901c9e3711a51603e987f7caf4faec4969d5a3ebd38a8ddee4e36026a
program/MATLAB_COMPLETE_PROGRAM/fem/make_cantilever_bc.m,31,make_cantilever_bc,,e8abaf44442b04e1c48f575723c6f09ddcedf11bb4a7010fe6c30f487f9a693e
program/MATLAB_COMPLETE_PROGRAM/fem/solve_system.m,152,solve_system,reduce; cond_number1,e95ea4ded6904a431419e4ba08f9f714e1dcca1b96c385b123dc8e3e9a8545c1
program/MATLAB_COMPLETE_PROGRAM/generate_all_figures.m,58,generate_all_figures,,670efdd1f213a0bdd112fdfe5d1ca6a84d513e8a9a4a1d4b197d5eacb96649cd
program/MATLAB_COMPLETE_PROGRAM/main.m,44,(script),,a614d7c9277ec4bdc145480f7052627afafa8de4e5b478e590a52030106a3298
program/MATLAB_COMPLETE_PROGRAM/plotting/add_panel_label.m,6,add_panel_label,,bd152f23ca5c6424e3af9b7c60a99ab32b8e901c96a23c8e0eca073c7763fa90
program/MATLAB_COMPLETE_PROGRAM/plotting/fig_color.m,13,fig_color,,04e3b0fb7b75076db4b24c341e9366e7291ad0681c439c0deef8a542f626b155
program/MATLAB_COMPLETE_PROGRAM/plotting/fig_colormap.m,12,fig_colormap,,726551d8ebc6a1c4b57edabb477c074816ac580e7ab0bf0e2dea931a3304df12
program/MATLAB_COMPLETE_PROGRAM/plotting/fig_defaults.m,16,fig_defaults,,5d213e2d1ac2393fe880e2a6bae188418702c63e558fbc4c042a1ec656a3c143
program/MATLAB_COMPLETE_PROGRAM/plotting/label_axes.m,5,label_axes,,4c8dd74e15761633fa6025bb4bb53d0bc121c974fbb65943608bd59ae4f930cd
program/MATLAB_COMPLETE_PROGRAM/plotting/plot_aspect_ratio.m,32,plot_aspect_ratio,,2dc7467dd31f104d338470a8fff22c16da5a182d393e46886940011e863e899a
program/MATLAB_COMPLETE_PROGRAM/plotting/plot_boundary_conditions.m,29,plot_boundary_conditions,,6be75b79c3b6eb468c8b85a0c46fce3a3ffa7ab956ac23f64e1411980ef540e5
program/MATLAB_COMPLETE_PROGRAM/plotting/plot_conditioning.m,31,plot_conditioning,,eb28ec1de4323f0822bacb43b00c055f670cd61e0e795a8886213514c4f39d48
program/MATLAB_COMPLETE_PROGRAM/plotting/plot_fields.m,60,plot_fields,colorbar_label,518c26c1b34997562d10cf00d975c203f36cc1b6268c6298e22f1443fb430fee
program/MATLAB_COMPLETE_PROGRAM/plotting/plot_geometry.m,49,plot_geometry,,208c1ef581baa18c9b6bb7b836345a57496951da55fe7a81dad224200af454a5
program/MATLAB_COMPLETE_PROGRAM/plotting/plot_hcrit.m,32,plot_hcrit,,d053f2c560b51c58fea72dbfc21b05941ce22935e4ed45dedc21aec326854fcf
program/MATLAB_COMPLETE_PROGRAM/plotting/plot_lambda.m,17,plot_lambda,,e7b369ab888d8015f670e7b986a08db797e12bd21a6f06ea55fe5af6dfcaeb71
program/MATLAB_COMPLETE_PROGRAM/plotting/plot_tier3.m,21,plot_tier3,,96fdeb0e3734885632b49abc22dec1adbe1f74713757d30c9b11cd5660012305
program/MATLAB_COMPLETE_PROGRAM/plotting/plot_validation.m,56,plot_validation,,fcee31287a937f8d5b57f6daa17298d021871a005e29aef02965f2937f7037a6
program/MATLAB_COMPLETE_PROGRAM/plotting/prepare_figure.m,14,prepare_figure,,de01fa243f0585736b13aa0d1ccbb6fc9672ad1b038d5f5512ea8ff7dd5ebbf8
program/MATLAB_COMPLETE_PROGRAM/plotting/style_axes.m,11,style_axes,,882027231672c0998d5bf5d0970f7ce235f1fa29fb673553970d17629e4c95d1
program/MATLAB_COMPLETE_PROGRAM/run_full_scientific_regression.m,80,run_full_scientific_regression,bench_tier2_summary; bench_tier1_summary; hcrit_summary; passfail,53a958c84d79d0e38347edf9e6e9b2f4cba525231fc44831f95c9bef1a26ac26
program/MATLAB_COMPLETE_PROGRAM/scaling/characteristic_lengths.m,20,characteristic_lengths,,cb448d8afc6e0b196a55ac1fafdc4bbac7a602d3086cb79a0ce1666a0b578fa6
program/MATLAB_COMPLETE_PROGRAM/scaling/condition_number.m,17,condition_number,,06b30587e2e01807461e15b35fefd2a83625c9272a11a266a3a6573109103178
program/MATLAB_COMPLETE_PROGRAM/scaling/dof_scaling_vector.m,50,dof_scaling_vector,,5e0f8235e5025ff3c9ec38a0d1297c3ce7351746861bdafd1dda01f0d6623ea2
program/MATLAB_COMPLETE_PROGRAM/scaling/nondimensionalize.m,33,nondimensionalize,,6586f1880488599c9b564d22533e9959351d693b36dc770113aef45ed63bb5b4
program/MATLAB_COMPLETE_PROGRAM/scaling/precondition_system.m,20,precondition_system,,9f7d3072adfa1b4fdb269e6995a537f11ae1d7c8273af0f4616b309c91157816
program/MATLAB_COMPLETE_PROGRAM/studies/aspect_ratio_study.m,129,aspect_ratio_study,solve_one; ternary,324e39ee57665081791bb68deb1addb7310433b71dba9d788903fd3089e10db7
program/MATLAB_COMPLETE_PROGRAM/studies/boundary_condition_study.m,73,boundary_condition_study,,c9d77db06994705d2a0ae61106d5cfc1aacc2452d82ed0497c486878630a86d0
program/MATLAB_COMPLETE_PROGRAM/studies/conditioning_reconciliation.m,148,conditioning_reconciliation,cond2,cb4ff288ab3aee1241eb9933a9cf3eb9f37da588a416b50da39566d9899012c8
program/MATLAB_COMPLETE_PROGRAM/studies/convergence_study.m,95,convergence_study,shear_u_tip,18079d4d4b4b77f3eac1bee58b63e3a53f03b57c5e1e1bd44f273509c253b718
program/MATLAB_COMPLETE_PROGRAM/studies/corrective/corrective_conditioning_true_geometry.m,121,corrective_conditioning_true_geometry,cond2,0fe9d221f722c02a2b423656fbe9a2f339e30854aa7ebd9587c70a3d082d0ec8
program/MATLAB_COMPLETE_PROGRAM/studies/corrective/corrective_etaem_fullrow.m,41,corrective_etaem_fullrow,,09672ab440fb09b4e896dbff9458e8aa82fbbb30f36c992d0c68d18abc605162
program/MATLAB_COMPLETE_PROGRAM/studies/corrective/corrective_etaem_mesh_study.m,118,corrective_etaem_mesh_study,solve_one,a42b409672e85e0211fa6ed61a6defa2e8fba93847f6f071edd9786b55d78849
program/MATLAB_COMPLETE_PROGRAM/studies/corrective/corrective_etaem_onepair.m,42,corrective_etaem_onepair,,b7ed61767b7e3219edf50c7ddc0493d2cd48d5d0c9a1610042750d1264f1a73d
program/MATLAB_COMPLETE_PROGRAM/studies/corrective/etaem_forensic/etaem_dump_profiles.m,47,etaem_dump_profiles,,a8327d9cff5fa496b77ecc774f8ac824cf0aed4ca4f5ae6cfbf46d9be80d0f01
program/MATLAB_COMPLETE_PROGRAM/studies/corrective/etaem_forensic/etaem_element_localization.m,86,etaem_element_localization,,9b0e3208509d1fe6affce104b4d09384d4efa30dd40ee020470796aa3d448bb6
program/MATLAB_COMPLETE_PROGRAM/studies/corrective/etaem_forensic/etaem_field_probe.m,48,etaem_field_probe,,979be4166909aaf91d904c8fd7a1d8b2b0059b8a0068606845d47dd85c780a1f
program/MATLAB_COMPLETE_PROGRAM/studies/field_export.m,71,field_export,,ef92108dd7899e43506486eb0efbe527bc53e2aa216168703f803abcaf0a47d2
program/MATLAB_COMPLETE_PROGRAM/studies/hcrit_study.m,107,hcrit_study,fem_hcrit_root; hcrit_f; set_gradient; sensor_max_phi,db5844a3f062c99cc4cd2204d293e09df2611232c32e38d81611868ecb36e89f
program/MATLAB_COMPLETE_PROGRAM/studies/lambda_study.m,62,lambda_study,,c184d5eed864309de770c2294ad23a0b6dd7dea89421c70ce67caa150b4ddb1c
program/MATLAB_COMPLETE_PROGRAM/studies/lambda_study_refined.m,65,lambda_study_refined,,6b76dd474e9e1192b185844ee39cdd78e46b002c70017e1f6bb45caa94540971
program/MATLAB_COMPLETE_PROGRAM/verification/crosscheck_calculation.m,126,crosscheck_calculation,addrow; num2str_e; ternary,ce821f66f5b4cde54f9dea2687828419c483ec71c251122c32ee7ccd03162893
program/MATLAB_COMPLETE_PROGRAM/verification/final_independent_calculations.m,202,final_independent_calculations,fd_hessian_W; W5; fd_pde_coefficients; element_gauss_energy_check,103f2797c58fb40017b395910a20003bb0508f86227aa027ea34d29aedb76097
program/MATLAB_COMPLETE_PROGRAM/verification/verify_BFS_cardinality.m,93,verify_BFS_cardinality,pf,8ff3d54472a4ca495c3e3779ff27f2a065be10f332bb871477129dfab6576eba
program/MATLAB_COMPLETE_PROGRAM/verification/verify_B_fd.m,65,verify_B_fd,pf,14f72dd5d310b77e21f12236f0110ddd73a1070aa2808985e6ec81957540c86d
program/MATLAB_COMPLETE_PROGRAM/verification/verify_B_matrices.m,150,verify_B_matrices,pf,615c1dcf2399ef058328b54aeb5a4653e1f49fa88a6a0ec10c433d72d4637493
program/MATLAB_COMPLETE_PROGRAM/verification/verify_D_voigt.m,91,verify_D_voigt,W_grad_invariants; fd_hessian; pf,d0750dcdb65bf9b39edea629e211c53d21203992bff76c38287049cc290afd99
program/MATLAB_COMPLETE_PROGRAM/verification/verify_conditioning.m,85,verify_conditioning,pf,885f509cbea312a53bff6590d80cda0e11de737d03993976b494f7f86212ee36
program/MATLAB_COMPLETE_PROGRAM/verification/verify_definiteness.m,114,verify_definiteness,signature_rel; pf,f2de51711374be096a1909465f5139471a75c68a5cb2e4587dfbf76711dc0597
program/MATLAB_COMPLETE_PROGRAM/verification/verify_dimensions.m,78,verify_dimensions,pf,cf69a29975a1e330d3226c51028a81ae3224b04f16fb8ada372454494e10d2df
program/MATLAB_COMPLETE_PROGRAM/verification/verify_energy_balance.m,101,verify_energy_balance,pf,9414f67d94397c6ff05679c6b6db7296b00ac1718ae3e248132ec5e4ece3c999
program/MATLAB_COMPLETE_PROGRAM/verification/verify_energy_multimesh.m,58,verify_energy_multimesh,pf,45b60393d90bb77fdd6a2fcb272233ce2a6a185a8ecc52879b40bfd9e14e3ea0
program/MATLAB_COMPLETE_PROGRAM/verification/verify_limiting_cases.m,130,verify_limiting_cases,set_couplings; pf,6d9b7753a7fd6c3f2db7f5521f2c4af3cd4569e39e5357d862e470947642a499
program/MATLAB_COMPLETE_PROGRAM/verification/verify_quadrature.m,69,verify_quadrature,pf,3f54c12f5bcb92c3a6c341d5c1e109c39ec246e9145579cd63297a96631614b1
program/MATLAB_COMPLETE_PROGRAM/verification/verify_quadrature_blocks.m,69,verify_quadrature_blocks,blocks; pf,eca4c8facb38f472119d2e2b74c79dec0abb9b0b13f9af88ba1b1b22cd024cf2
program/MATLAB_COMPLETE_PROGRAM/verification/verify_randomized_D.m,61,verify_randomized_D,W_grad_invariants; pf,de43b3ee2ddb4c4cb1386362712dd4c2e0c96e9df54fc97a2bfd08a396164323
program/MATLAB_COMPLETE_PROGRAM/verification/verify_randomized_strong_form.m,69,verify_randomized_strong_form,pf,38674868346654c34704ff64587ce67bc81f2808bb40d2e525c593413f9cd162
program/MATLAB_COMPLETE_PROGRAM/verification/verify_strong_form.m,182,verify_strong_form,pf,c191e94515440130a08db40bf55da66cc16970258744d70e2ffa2f28f2e74de8
program/MATLAB_COMPLETE_PROGRAM/verification/verify_symmetry.m,72,verify_symmetry,pf,ea020f88f9bf3d99dab26991d2fd84ab5721dc1eb35e7e972182cd11bbd55d30
program/paper_figures/PAPER_V9_FIGURES/FIGURE_SETTINGS.m,44,FIGURE_SETTINGS,,7ef8bc34dec23a08e48ef3397cce66bb464c4587dc6ebc95a08a6bbb782dce77
program/paper_figures/PAPER_V9_FIGURES/check_data.m,48,check_data,,469f8388d5453e3d811716cefc3f36a1e51a690ccc03b82efbf5c0313db4b44d
program/paper_figures/PAPER_V9_FIGURES/generate_all_paper_figures.m,26,generate_all_paper_figures,,361bba2202682226e8373a0365d7fa9bd0bf6b51dfe9edc54af033eac19c7c26
program/paper_figures/PAPER_V9_FIGURES/helpers/data_dir.m,42,data_dir,,cc182099d9dbb615ca51fafbc4933e2bc55eb711608b132f23e2387ff5c9fc89
program/paper_figures/PAPER_V9_FIGURES/helpers/diverging_map.m,11,diverging_map,,2342af39b9695828bd9eaf3c0237493014eef5e7b9d25303aae5a416c4ca793c
program/paper_figures/PAPER_V9_FIGURES/helpers/eta_records.m,39,eta_records,,8bafe89d20af3ed5c3f7b49fec178c03fde1baeb74d7c3f9068dcdfae21e6ff7
program/paper_figures/PAPER_V9_FIGURES/helpers/export_figure.m,31,export_figure,,788e83e940af15a7507b7ee29f3ee06050d512f22f92290239fca2f18f5892c4
program/paper_figures/PAPER_V9_FIGURES/helpers/load_csv.m,29,load_csv,,a4736a70dbc9583dab20aa842544c66a8e52cb217cacfd45ac4d89ed88bcc19f
program/paper_figures/PAPER_V9_FIGURES/helpers/load_fields.m,11,load_fields,,43480b2410143706d2e9229ab7e9da0072764b13c9e72f703200eeb0f83cfe39
program/paper_figures/PAPER_V9_FIGURES/helpers/okabe.m,12,okabe,,ff0b848cb6317894f4714551ac4cfccedd4be049300e60922d90238989385bc1
program/paper_figures/PAPER_V9_FIGURES/helpers/panel_label.m,12,panel_label,,f379d41eeee176b9f635d55ac06d9de40e829eacd692f2d6f0c7ca86a1ec9b12
program/paper_figures/PAPER_V9_FIGURES/helpers/paper_figure.m,19,paper_figure,,66b9ee39d3d0324fc3af2194c040073cae451b608a64b857f51a773d5ee9b946
program/paper_figures/PAPER_V9_FIGURES/helpers/paper_style.m,31,paper_style,,bc11930f6d762b618a24bf6b697452f50d2ad1b45f70fdfafb4d9cebb9d39c7a
program/paper_figures/PAPER_V9_FIGURES/helpers/seq_map.m,10,seq_map,,8b1ca5636805ba4d5d7c12dd757480e316f53de59864d382c1075ee20f0fa066
program/paper_figures/PAPER_V9_FIGURES/helpers/setup_paper.m,8,setup_paper,,6ceb6a74c9894421c5f1ad3054bfdfe6d1bcfe2e033845ff84ce810cacb51d02
program/paper_figures/PAPER_V9_FIGURES/plot_paper_fig01.m,89,plot_paper_fig01,,04d4550656c0813afd143a89dd7cd98e508c240bb90c714f146369063a6ddcf6
program/paper_figures/PAPER_V9_FIGURES/plot_paper_fig02.m,71,plot_paper_fig02,field2d,7a3484ed865449bcffbcc1a8b5ded9ff6de3720969fdaa203f38109109d93880
program/paper_figures/PAPER_V9_FIGURES/plot_paper_fig03.m,78,plot_paper_fig03,,158042f3641f07157eeb2bd319bed9d28a401b238261c90f95e0050cd709e26f
program/paper_figures/PAPER_V9_FIGURES/plot_paper_fig04.m,54,plot_paper_fig04,,4f5c08a1a51d25cf1db4828773c3ffab6b363fb2d3f4209086fcd70f87d8e890
program/paper_figures/PAPER_V9_FIGURES/plot_paper_fig05.m,85,plot_paper_fig05,,4483c93b6177e5d5308a05f834bb2498f3719bab202da2ed39b3db58204f4af5
program/paper_figures/PAPER_V9_FIGURES/plot_paper_fig06.m,82,plot_paper_fig06,,7c279d6add640e87f338c68fda9694c8e6c2011a61502f9ab2fe02205c42d5ad
program/paper_figures/PAPER_V9_FIGURES/plot_paper_fig07.m,50,plot_paper_fig07,,216c96c6f32685ef478c80e0081b742cda4324b02eb622e8d2c27fd8c649b516
program/paper_figures/PAPER_V9_FIGURES/plot_paper_fig08.m,45,plot_paper_fig08,,ebec3af39aa207d8ba4a770b2b2fdcdbc4f23787b8b59b86c18f83723ebc96ff
program/paper_figures/PAPER_V9_FIGURES/plot_paper_fig09.m,59,plot_paper_fig09,,214c38258522960c12915ec593af457d807e21c0042f9dc0ff1d939c3b76bab4
