phi_deg,circle_sig_per_K_MPa,ellipse_sig_per_K_MPa,circle_theta_star_deg,ellipse_theta_star_deg,circle_t_star_tth,ellipse_t_star_tth
0,-0.96553,-1.39727,217.5,352.5,2.4375,2.5
15,-0.96544,-1.55248,52.5,352.5,2.4375,2.5
30,-0.9662,-1.62273,67.5,0.0,2.4375,2.5
45,-0.96685,-1.5314,262.5,7.5,2.4375,2.5
60,-0.96666,-1.45658,277.5,187.5,2.4375,2.5
75,-0.96589,-1.26467,112.5,195.0,2.4375,2.5
90,-0.96553,-1.12549,307.5,337.5,2.4375,2.5
105,-0.9662,-1.37053,322.5,165.0,2.4375,2.5
120,-0.96752,-1.58255,337.5,172.5,2.4375,2.5
135,-0.96837,-1.66444,172.5,0.0,2.4375,2.5
150,-0.96798,-1.66849,7.5,0.0,2.4375,2.5
165,-0.96666,-1.58834,22.5,187.5,2.4375,2.5
